Entreprise,Offre,URL,Ville,Departement,Resume
skill and you,chargé(e)s de gestion locative en alternance,https://www.indeed.fr/jobs?q=alternance%20data&l=paris%20(75)&fromage=14&advn=4144094185603018&vjk=562ed353b777dbbd,paris,75,"['chargé(e)s', 'alternance']"
novencia,développeur.se web – stage/alternance (f/h),https://www.indeed.fr/jobs?q=alternance%20data&l=paris%20(75)&fromage=14&advn=3169512197567231&vjk=52d1545de1e6f3ad,paris,75,['stage/alternance']
speaking agency,data analyst h/f,https://www.indeed.fr/jobs?q=alternance%20data&l=paris%20(75)&fromage=14&advn=6477894906279631&vjk=963ab0f2b3c6050d,paris,75,"['data', 'analyst']"
groupe gift,alternance – chargé de la relation client h/f,https://www.indeed.fr/jobs?q=alternance%20data&l=paris%20(75)&fromage=14&advn=5143428301952681&vjk=19b16872ad5e9fce,paris,75,['alternance']
chance,data analyst (m/f/d) - alternance,https://www.indeed.fr/jobs?q=alternance%20data&l=paris%20(75)&fromage=14&vjk=ed8eff2d07fbebdb,paris,75,"['data', 'analyst', 'alternance']"
groupe gift,alternance - chargé de développement commercial h/f,https://www.indeed.fr/jobs?q=alternance%20data&l=paris%20(75)&fromage=14&vjk=98d476de0c01a95a&advn=5143428301952681,paris,75,['alternance']
laboratoire chateau rouge,assistant de gestion en alternance h/f,https://www.indeed.fr/jobs?q=alternance%20data&l=paris%20(75)&fromage=14&vjk=503d3efa8afb26b5&advn=1770914710882674,malakoff,92,['alternance']
hurryman,technical data analyst (f/h),https://www.indeed.fr/jobs?q=alternance%20data&l=paris%20(75)&fromage=14&vjk=d49d2d1c74469536&advn=8646775723485361,paris,75,"['data', 'analyst']"
groupe gift,alternance – assistant marketing et commercial h/f,https://www.indeed.fr/jobs?q=alternance%20data&l=paris%20(75)&fromage=14&vjk=7bff1ab92ee5ad2e&advn=5143428301952681,paris,75,['alternance']
groupe gift,alternance – assistant chef de produits marketing h/f,https://www.indeed.fr/jobs?q=alternance%20data&l=paris%20(75)&fromage=14&vjk=f2dc8eaf10edeeb9&advn=5143428301952681,paris,75,['alternance']
mefactory,data scientist h/f - stage ou alternance,https://www.indeed.fr/jobs?q=alternance%20data&l=paris%20(75)&fromage=14&vjk=3ba80cdb2f7ada49,la garenne-colombes,92,"['data', 'scientist', 'stage', 'alternance']"
vaspp,développeur web full stack h/f pour erp en alternance,https://www.indeed.fr/jobs?q=alternance%20data&l=paris%20(75)&fromage=14&vjk=0e15ffaf1e8eabd4,paris,75,"['développeur', 'alternance']"
publicis media,alternance - assistant directeur data management (h/f),https://www.indeed.fr/jobs?q=alternance%20data&l=paris%20(75)&fromage=14&vjk=cb08e945525e4134,paris,75,"['alternance', 'data']"
supermood,data analyst (alternance),https://www.indeed.fr/jobs?q=alternance%20data&l=paris%20(75)&fromage=14&vjk=65983b233da0f56d,paris,75,"['data', 'analyst']"
saint-gobain,data analyst en alternance (h/f) - paris 19e (h/f),https://www.indeed.fr/jobs?q=alternance%20data&l=paris%20(75)&fromage=14&vjk=d6f578360821e3d5,paris,75,"['data', 'analyst', 'alternance']"
egroupe,data scientist,https://www.indeed.fr/jobs?q=alternance%20data&l=paris%20(75)&fromage=14&start=10&advn=2715648309700515&vjk=c6a15b071035c70e,paris,75,"['data', 'scientist']"
garantme,data scientist h/f,https://www.indeed.fr/jobs?q=alternance%20data&l=paris%20(75)&fromage=14&start=10&vjk=4a0f3fd429827ef7,paris,75,"['data', 'scientist']"
supermood,data scientist (internship),https://www.indeed.fr/jobs?q=alternance%20data&l=paris%20(75)&fromage=14&start=10&vjk=2e73252ecb6221ac,paris,75,"['data', 'scientist']"
outmind,nlp data scientist (stage fin d'études / alternance),https://www.indeed.fr/jobs?q=alternance%20data&l=paris%20(75)&fromage=14&start=10&vjk=4afa25de17215b3b,paris,75,"['data', 'scientist']"
dataiku,data scientist - paris,https://www.indeed.fr/jobs?q=alternance%20data&l=paris%20(75)&fromage=14&start=10&vjk=2319caacffe878a6,paris,75,"['data', 'scientist']"
college de paris,alternance - assistant marketing (h/f),https://www.indeed.fr/jobs?q=alternance%20data&l=paris%20(75)&fromage=14&start=20&advn=7736870941523477&vjk=4ab9864bc48ea6be,noisiel,77,['alternance']
ocus,data analyst,https://www.indeed.fr/jobs?q=alternance%20data&l=paris%20(75)&fromage=14&start=20&vjk=5991fed348a64872,paris,75,"['data', 'analyst']"
intersport,alternance - data manager,https://www.indeed.fr/jobs?q=alternance%20data&l=paris%20(75)&fromage=14&start=20&vjk=fa1ffd4b590e0496,longjumeau,91,"['alternance', 'data']"
veolia,data scientist trainee,https://www.indeed.fr/jobs?q=alternance%20data&l=paris%20(75)&fromage=14&start=20&vjk=1ea6f9057a25f2a2,saint-maurice,94,"['data', 'scientist']"
sanofi,un alternant – charge gestion de projets data (h/f),https://www.indeed.fr/jobs?q=alternance%20data&l=paris%20(75)&fromage=14&start=20&vjk=e4d6029dc175e373,gentilly,94,['data']
sanofi,un alternant – assistant data analyst (h/f),https://www.indeed.fr/jobs?q=alternance%20data&l=paris%20(75)&fromage=14&start=20&vjk=1f9c2ab0d4ea4b32,maisons-alfort,94,"['data', 'analyst']"
pandascore,data analyst - odds,https://www.indeed.fr/jobs?q=alternance%20data&l=paris%20(75)&fromage=14&start=20&vjk=dba3acb016f3cb68,paris,75,"['data', 'analyst']"
dassault systèmes,stage – data analyst / data science (h/f),https://www.indeed.fr/jobs?q=alternance%20data&l=paris%20(75)&fromage=14&start=20&vjk=f44ff589aa736b74,vélizy-villacoublay,78,"['stage', 'data', 'analyst', 'data']"
crédit agricole,alternance - analyste développeur sql/vba h/f,https://www.indeed.fr/jobs?q=alternance%20data&l=paris%20(75)&fromage=14&start=20&vjk=4a6faa79fd570d00,paris,75,"['alternance', 'développeur']"
foodchéri,stage / data analyst - business intelligence h/f,https://www.indeed.fr/jobs?q=alternance%20data&l=paris%20(75)&fromage=14&start=20&vjk=42d4e8cfb351cd5d,paris,75,"['stage', 'data', 'analyst']"
sonepar france,alternance - assistant(e) formation (h/f),https://www.indeed.fr/jobs?q=alternance%20data&l=paris%20(75)&fromage=14&start=20&vjk=c3c548c88ea997ad&advn=8582516912703704,montrouge,92,['alternance']
générationnel,chargé relation client (f-h) - paris - alternance f/h,https://www.indeed.fr/jobs?q=alternance%20data&l=paris%20(75)&fromage=14&start=20&vjk=cdad0009d95e83ce,paris,75,['alternance']
groupe meilleurtaux,chargé d'études statistiques h/f - alternance,https://www.indeed.fr/jobs?q=alternance%20data&l=paris%20(75)&fromage=14&start=20&vjk=953bf0251efe0e73,paris,75,['alternance']
college de paris,alternance - assistant marketing (h/f),https://www.indeed.fr/jobs?q=alternance%20data&l=paris%20(75)&fromage=14&start=30,noisiel,77,['alternance']
hermès,alternance - chargé(e) d'offre produit maroquinerie (h/f),https://www.indeed.fr/jobs?q=alternance%20data&l=paris%20(75)&fromage=14&start=30&vjk=4259dee5d33e855f,pantin,93,['alternance']
boursorama,alternant data engineer business intelligence -(h/f),https://www.indeed.fr/jobs?q=alternance%20data&l=paris%20(75)&fromage=14&start=30&vjk=dc090b8fcfff73db,boulogne-billancourt,92,['data']
la banque postale,data analyst -h/f,https://www.indeed.fr/jobs?q=alternance%20data&l=paris%20(75)&fromage=14&start=30&vjk=8b10add16475d619,issy-les-moulineaux,92,"['data', 'analyst']"
iscod,assistant marketing web et réseaux sociaux h/f - alternance,https://www.indeed.fr/jobs?q=alternance%20data&l=paris%20(75)&fromage=14&start=30&vjk=dd9b16902c548a7e&advn=4629412499192798,bourg-la-reine,92,['alternance']
sanef,assistant chef de projets si (alternance) h/f,https://www.indeed.fr/jobs?q=alternance%20data&l=paris%20(75)&fromage=14&start=30&vjk=0ab067b51b1026b6,issy-les-moulineaux,92,['Mauvaise Anonce']
discovery,alternance junior revenue analyst,https://www.indeed.fr/jobs?q=alternance%20data&l=paris%20(75)&fromage=14&start=30&vjk=7bbe1653b2f148d3,issy-les-moulineaux,92,"['alternance', 'analyst']"
acensi,assistant(e) administration des ventes en alternance (h/f),https://www.indeed.fr/jobs?q=alternance%20data&l=paris%20(75)&fromage=14&start=30&vjk=cd8774429e04a0d1,paris,75,['alternance']
loxwood afcm diffusion,assistant(e) achats/ chef de produit-alternance,https://www.indeed.fr/jobs?q=alternance%20data&l=paris%20(75)&fromage=14&start=30&vjk=95ecded23f480da6,croissy-sur-seine,78,['Mauvaise Anonce']
dassault systèmes,stage - marketing data analyst (h/f),https://www.indeed.fr/jobs?q=alternance%20data&l=paris%20(75)&fromage=14&start=30&vjk=db19e1f94a1f24c5,vélizy-villacoublay,78,"['stage', 'data', 'analyst']"
agence nationale des jeux,analyste de données f/h,https://www.indeed.fr/jobs?q=alternance%20data&l=paris%20(75)&fromage=14&start=30&vjk=4c42559ca6a33051,paris,75,['Mauvaise Anonce']
veolia,alternant(e) data administrator engineer (h/f),https://www.indeed.fr/jobs?q=alternance%20data&l=paris%20(75)&fromage=14&start=30&vjk=ed38a5d3b3c3a32d,saint-maurice,94,['data']
système u,alternance- chargé d'études marketing h/f,https://www.indeed.fr/jobs?q=alternance%20data&l=paris%20(75)&fromage=14&start=30&vjk=420eb9ab71347e0d,rungis,94,['Mauvaise Anonce']
iscod,assistant chef de projet h/f - alternance - paris,https://www.indeed.fr/jobs?q=alternance%20data&l=paris%20(75)&fromage=14&start=40&advn=4629412499192798&vjk=409bf9c1aadc40aa,paris,75,['alternance']
iscod,assistant administratif et commercial h/f - alternance - charenton le pont,https://www.indeed.fr/jobs?q=alternance%20data&l=paris%20(75)&fromage=14&start=40&advn=4629412499192798&vjk=f267555c5e927363,charenton-le-pont,94,['alternance']
dassault systèmes,stage - data analyste (h/f),https://www.indeed.fr/jobs?q=alternance%20data&l=paris%20(75)&fromage=14&start=40&vjk=e5ef1f390092a81c,vélizy-villacoublay,78,"['stage', 'data']"
axa global direct france,stage - data analyste (f/h),https://www.indeed.fr/jobs?q=alternance%20data&l=paris%20(75)&fromage=14&start=40&vjk=d3250b687f88d5b3,suresnes,92,"['stage', 'data']"
pepsico,assistant(e) master data & developpement analyst,https://www.indeed.fr/jobs?q=alternance%20data&l=paris%20(75)&fromage=14&start=40&vjk=ab923eb29bcd5065,colombes,92,"['data', 'analyst']"
dassault systèmes,stage - data scientist (h/f),https://www.indeed.fr/jobs?q=alternance%20data&l=paris%20(75)&fromage=14&start=40&vjk=5337a4b4ab22a996,paris,75,"['stage', 'data', 'scientist']"
louis vuitton,alternance - assistant(e) achats et développement props & pack (f/h),https://www.indeed.fr/jobs?q=alternance%20data&l=paris%20(75)&fromage=14&start=40&vjk=11221a73cdf3c18e,paris,75,['alternance']
mckinsey & company,data engineer - mckinsey analytics,https://www.indeed.fr/jobs?q=alternance%20data&l=paris%20(75)&fromage=14&start=40&vjk=5170baeee9e9137b,paris,75,['data']
pontoon,alternance - assistant chargé d'etudes h/f,https://www.indeed.fr/jobs?q=alternance%20data&l=paris%20(75)&fromage=14&start=40&vjk=f96fac1208115f6e,charenton-le-pont,94,['alternance']
dassault systèmes,stage – data analyst – expert visual basic (h/f),https://www.indeed.fr/jobs?q=alternance%20data&l=paris%20(75)&fromage=14&start=40&vjk=eb0998f17148bc00,vélizy-villacoublay,78,"['stage', 'data', 'analyst']"
dassault systèmes,stage - data analyst - self-healing 3dexperience sur le cloud (h/f),https://www.indeed.fr/jobs?q=alternance%20data&l=paris%20(75)&fromage=14&start=40&vjk=92d732da4ffbd6ba,vélizy-villacoublay,78,"['stage', 'data', 'analyst']"
finalcad,data engineer (f/h) - france,https://www.indeed.fr/jobs?q=alternance%20data&l=paris%20(75)&fromage=14&start=50&advn=190761308337259&vjk=e7a352628c185e5a,paris,75,['data']
sport dans la ville,chargé.e de projet insertion professionnelle,https://www.indeed.fr/jobs?q=alternance%20data&l=paris%20(75)&fromage=14&start=50&advn=6544613739654877&vjk=f691c48bbf069ba6,pantin,93,['Mauvaise Anonce']
showroomprive.com,data scientist - f/h,https://www.indeed.fr/jobs?q=alternance%20data&l=paris%20(75)&fromage=14&start=50&vjk=a87986c9c6b45dcd,saint-denis,93,"['data', 'scientist']"
college de paris,alternance - assistant marketing (h/f),https://www.indeed.fr/jobs?q=alternance%20data&l=paris%20(75)&fromage=14&start=50&vjk=4ab9864bc48ea6be&advn=7736870941523477,noisiel,77,['alternance']
dailymotion,data analyst b2c - internship (h/f),https://www.indeed.fr/jobs?q=alternance%20data&l=paris%20(75)&fromage=14&start=50&vjk=6fe74a2b8a5c3808,paris,75,"['data', 'analyst', 'internship']"
microsoft,stage 6 mois - data scientist (h/f),https://www.indeed.fr/jobs?q=alternance%20data&l=paris%20(75)&fromage=14&start=50&vjk=eaff4e2f37d53e3f,paris,75,"['stage', 'data', 'scientist']"
diagnostica stago,data analyst (h/f),https://www.indeed.fr/jobs?q=alternance%20data&l=paris%20(75)&fromage=14&start=50&vjk=46a2857e2ec66e74,asnières-sur-seine,92,"['data', 'analyst']"
la banque de france,data officer/data analyste - mnc - h/f,https://www.indeed.fr/jobs?q=alternance%20data&l=paris%20(75)&fromage=14&start=50&vjk=a5b0799c76f9686c,paris,75,['data']
trusk,operations data analyst h/f,https://www.indeed.fr/jobs?q=alternance%20data&l=paris%20(75)&fromage=14&start=50&vjk=c71d8f7f1b15c04d,saint-ouen,93,"['data', 'analyst']"
navya,stagiaire chargé de projets collaboratifs européens,https://www.indeed.fr/jobs?q=alternance%20data&l=paris%20(75)&fromage=14&start=50&vjk=05a1d5d8a776a87c,puteaux,92,['Mauvaise Anonce']
sept lieues,data scientist + 3ans,https://www.indeed.fr/jobs?q=alternance%20data&l=paris%20(75)&fromage=14&start=50&vjk=91018afba1f113b1,paris,75,"['data', 'scientist']"
sowit,data scientist - imagery,https://www.indeed.fr/jobs?q=alternance%20data&l=paris%20(75)&fromage=14&start=50&vjk=44f4ab8d6c4f1d12,paris,75,"['data', 'scientist']"
cpam de la seine-saint-denis,expert en analyses de donnees / data scientist,https://www.indeed.fr/jobs?q=alternance%20data&l=paris%20(75)&fromage=14&start=50&vjk=1aa6e14c54e10b56,bobigny,93,"['data', 'scientist']"
iri,data analyst – cdi (h/f),https://www.indeed.fr/jobs?q=alternance%20data&l=paris%20(75)&fromage=14&start=50&vjk=562167726eb8140f,chambourcy,78,"['data', 'analyst']"
veolia,alternance - assistant(e) de manager,https://www.indeed.fr/jobs?q=alternance%20data&l=paris%20(75)&fromage=14&start=50&vjk=da256b39ce94a62c,aubervilliers,93,['alternance']
malakoff humanis,alternance - chargé de projet process backoffice h/f,https://www.indeed.fr/jobs?q=alternance%20data&l=paris%20(75)&fromage=14&start=60&advn=8770036763084318&vjk=7b1453f6b8758b25,paris,75,['alternance']
s.r investment partners,senior data scientist - quantitative hft,https://www.indeed.fr/jobs?q=alternance%20data&l=paris%20(75)&fromage=14&start=60&advn=474131205272072&vjk=280817bb2a457062,paris,75,"['data', 'scientist']"
human job,data analyste informatique - cdi (h/f),https://www.indeed.fr/jobs?q=alternance%20data&l=paris%20(75)&fromage=14&start=60&advn=2715648309700515&vjk=88111c205af77030,paris,75,['data']
chanel,stage - assistant(e) business analyst eyewear mode - janvier 2021 h/f,https://www.indeed.fr/jobs?q=alternance%20data&l=paris%20(75)&fromage=14&start=60&vjk=aeaa8c3bc667e64f,paris,75,"['stage', 'analyst']"
natixis,stage - 6 mois - data scientist (h/f) - paris 13ème,https://www.indeed.fr/jobs?q=alternance%20data&l=paris%20(75)&fromage=14&start=60&vjk=86b2352f91026802,paris,75,"['stage', 'data', 'scientist']"
college de paris,alternance - assistant marketing (h/f),https://www.indeed.fr/jobs?q=alternance%20data&l=paris%20(75)&fromage=14&start=60&vjk=9e6d824335826356&advn=7736870941523477,noisiel,77,['alternance']
harnham,data analyst - data visualisation,https://www.indeed.fr/jobs?q=alternance%20data&l=paris%20(75)&fromage=14&start=60&vjk=bc2e2527b5242091,paris,75,"['data', 'analyst', 'data']"
citech,data analyst (h/f),https://www.indeed.fr/jobs?q=alternance%20data&l=paris%20(75)&fromage=14&start=60&vjk=a00174ddfef3c93b,charenton-le-pont,94,"['data', 'analyst']"
excelya,data engineer,https://www.indeed.fr/jobs?q=alternance%20data&l=paris%20(75)&fromage=14&start=60&vjk=f437f7226cbd9f22,paris,75,['data']
dassault systèmes,stage - assistant(e) business analyst (h/f),https://www.indeed.fr/jobs?q=alternance%20data&l=paris%20(75)&fromage=14&start=60&vjk=5164c4848a3fa8f3,vélizy-villacoublay,78,"['stage', 'analyst']"
amundi asset management,stage - chargé de projet « asset servicing management » h/f,https://www.indeed.fr/jobs?q=alternance%20data&l=paris%20(75)&fromage=14&start=60&vjk=0cecb3c0775dad06,paris,75,['stage']
junior talent,alternance - axa banque - chargé(e) de projet multicanal h/f,https://www.indeed.fr/jobs?q=alternance%20data&l=paris%20(75)&fromage=14&start=60&vjk=bd753719023253c0,fontenay-sous-bois,94,['alternance']
dassault systèmes,stage - bi based on data lakes - data engineer (h/f),https://www.indeed.fr/jobs?q=alternance%20data&l=paris%20(75)&fromage=14&start=60&vjk=17f50fd002ec80c4,vélizy-villacoublay,78,"['stage', 'data', 'data']"
llfc,assistant qualité alternance h/f,https://www.indeed.fr/jobs?q=alternance%20data&l=paris%20(75)&fromage=14&start=60&vjk=607258834851b110,bobigny,93,['alternance']
korian,data analyst en cdi - h/f,https://www.indeed.fr/jobs?q=alternance%20data&l=paris%20(75)&fromage=14&start=70&vjk=c7a39e73703cadfa,paris,75,"['data', 'analyst']"
x-trade brokers (xtb) france,stage assistant analyste marché,https://www.indeed.fr/jobs?q=alternance%20data&l=paris%20(75)&fromage=14&start=70&vjk=3bc5b77ca33eaf64,paris,75,['stage']
craft sas,data analyst confirme – réf da0620 f/h,https://www.indeed.fr/jobs?q=alternance%20data&l=paris%20(75)&fromage=14&start=70&vjk=6ab7f2fcdf07ce63,paris,75,"['data', 'analyst']"
total,alternance assistant(e) project management office sap h/f,https://www.indeed.fr/jobs?q=alternance%20data&l=paris%20(75)&fromage=14&start=70&vjk=f5b2a019af5b8143,nanterre,92,['alternance']
edf,data scientist h/f,https://www.indeed.fr/jobs?q=alternance%20data&l=paris%20(75)&fromage=14&start=70&vjk=17fe2a565cab665b,paris,75,"['data', 'scientist']"
amplifon,data engineer (h/f),https://www.indeed.fr/jobs?q=alternance%20data&l=paris%20(75)&fromage=14&start=70&vjk=d2fe7e2971dca218,arcueil,94,['data']
natixis stage,alternance - 1 à 2 ans - assistant analyste esg - paris 13ème f/h,https://www.indeed.fr/jobs?q=alternance%20data&l=paris%20(75)&fromage=14&start=70&vjk=9c5feffe6c116ba2,paris,75,['alternance']
la banque postale,alternance - assistant gestion risques de bilan h/f,https://www.indeed.fr/jobs?q=alternance%20data&l=paris%20(75)&fromage=14&start=70&vjk=b03b64ab9ab1a107,paris,75,['alternance']
ca cib france,data analyst - conformité h/f,https://www.indeed.fr/jobs?q=alternance%20data&l=paris%20(75)&fromage=14&start=70&vjk=641dccac9d091908,montrouge,92,"['data', 'analyst']"
mantu,data visualization support engineer,https://www.indeed.fr/jobs?q=alternance%20data&l=paris%20(75)&fromage=14&start=70&vjk=3cf9446291e9b7bb,aubervilliers,93,['data']
natixis,market data analyst (h/f) cdd,https://www.indeed.fr/jobs?q=alternance%20data&l=paris%20(75)&fromage=14&start=70&vjk=a1240ed60403ad5c,paris,75,"['data', 'analyst']"
scor,alternance - assistant du manager,https://www.indeed.fr/jobs?q=alternance%20data&l=paris%20(75)&fromage=14&start=70&vjk=3d933ac280d9fe61,paris,75,['alternance']
euklid,administrateur data analyst h/f,https://www.indeed.fr/jobs?q=alternance%20data&l=paris%20(75)&fromage=14&start=70&vjk=d5d94851386f54aa,paris,75,"['data', 'analyst']"
hyperlex,data scientist intern,https://www.indeed.fr/jobs?q=alternance%20data&l=paris%20(75)&fromage=14&start=70&vjk=e55e2dfd5dc1b507,paris,75,"['data', 'scientist']"
la banque postale asset management,chargé de projet appel d'offres (h/f),https://www.indeed.fr/jobs?q=alternance%20data&l=paris%20(75)&fromage=14&start=80&advn=474131205272072&vjk=80d9897af646934f,paris,75,['Mauvaise Anonce']
natixis,stage - 6 mois - data scientist (h/f) - paris 13ème,https://www.indeed.fr/jobs?q=alternance%20data&l=paris%20(75)&fromage=14&start=80&vjk=c9908fe429aad396,paris,75,"['stage', 'data', 'scientist']"
amplifon,data engineer f/h,https://www.indeed.fr/jobs?q=alternance%20data&l=paris%20(75)&fromage=14&start=80&vjk=ecab53faa244c0a0,arcueil,94,['data']
mgen,data scientist (94 val-de-marne): consulter le détail de l'offre,https://www.indeed.fr/jobs?q=alternance%20data&l=paris%20(75)&fromage=14&start=80&vjk=fc0bd6f5297b147f,le kremlin-bic,94,"['data', 'scientist']"
cadreo,data analyst f/h,https://www.indeed.fr/jobs?q=alternance%20data&l=paris%20(75)&fromage=14&start=80&vjk=3254fb1fdb02d486,meudon,92,"['data', 'analyst']"
cadreo,data scientist f/h,https://www.indeed.fr/jobs?q=alternance%20data&l=paris%20(75)&fromage=14&start=80&vjk=43204040d7189e87,paris,75,"['data', 'scientist']"
certinergy et solutions,assistant(e) moyens généraux en alternance (h/f),https://www.indeed.fr/jobs?q=alternance%20data&l=paris%20(75)&fromage=14&start=80&vjk=d1a4de2371917e84,paris,75,['alternance']
bluescale,data engineer f/h,https://www.indeed.fr/jobs?q=alternance%20data&l=paris%20(75)&fromage=14&start=80&vjk=a8fda43578dc8966,paris,75,['data']
ironhack,data analytics teacher assistant (freelance mission),https://www.indeed.fr/jobs?q=alternance%20data&l=paris%20(75)&fromage=14&start=80&vjk=d1bfa44a4b7b0fce,paris,75,['data']
saint-gobain,alternance chargé de projet pricing (h/f) - la défense (92),https://www.indeed.fr/jobs?q=alternance%20data&l=paris%20(75)&fromage=14&start=80&vjk=3858195d9488911c,paris,75,['alternance']
paris habitat,chargé(e) de médiation h/f en alternance,https://www.indeed.fr/jobs?q=alternance%20data&l=paris%20(75)&fromage=14&start=80&vjk=ae5018c410196a55,paris,75,['alternance']
franfinance,alternance assistant(e) de gestion entreprise-(h/f),https://www.indeed.fr/jobs?q=alternance%20data&l=paris%20(75)&fromage=14&start=80&vjk=9e949a6dc32b2b8a,nanterre,92,['alternance']
total,alternance assistant chargé d'affaires mobilité eléctrique f/h,https://www.indeed.fr/jobs?q=alternance%20data&l=paris%20(75)&fromage=14&start=80&vjk=b957d17d58c5dba5,nanterre,92,['alternance']
proman,ingenieur / charge de projet sit h/f 93,https://www.indeed.fr/jobs?q=alternance%20data&l=paris%20(75)&fromage=14&start=90&advn=1352446391118518&vjk=00e1f84b36586ad1,saint-ouen,93,['Mauvaise Anonce']
college de paris,alternance - assistant marketing (h/f),https://www.indeed.fr/jobs?q=alternance%20data&l=paris%20(75)&fromage=14&start=90&advn=7736870941523477&vjk=4ab9864bc48ea6be,noisiel,77,['alternance']
reseau ducretet,chargé(e) de projet formation,https://www.indeed.fr/jobs?q=alternance%20data&l=paris%20(75)&fromage=14&start=90&advn=8803557043862315&vjk=e6635a1d160853f7,clichy,92,['Mauvaise Anonce']
sanofi,un alternant - chargé de projet transformation et amélioration de la performance (h/f),https://www.indeed.fr/jobs?q=alternance%20data&l=paris%20(75)&fromage=14&start=90&vjk=ee09e9d570a90558,gentilly,94,['Mauvaise Anonce']
total,assistant marketing digital en alternance,https://www.indeed.fr/jobs?q=alternance%20data&l=paris%20(75)&fromage=14&start=90&vjk=e86b0818bae8b8b7,levallois-perret,92,['alternance']
natixis,stage - 6 mois - data scientist (h/f) - paris 13ème,https://www.indeed.fr/jobs?q=alternance%20data&l=paris%20(75)&fromage=14&start=90&vjk=86b2352f91026802,paris,75,"['stage', 'data', 'scientist']"
seqens,chargé de développement foncier h/f - alternance,https://www.indeed.fr/jobs?q=alternance%20data&l=paris%20(75)&fromage=14&start=90&vjk=5b26a2b9282bbfab,issy-les-moulineaux,92,['alternance']
aliznet,data engineer f/h,https://www.indeed.fr/jobs?q=alternance%20data&l=paris%20(75)&fromage=14&start=90&vjk=a9b254371de39cd5,paris,75,['data']
randstad inhouse services gpa,data analyst (f/h),https://www.indeed.fr/jobs?q=alternance%20data&l=paris%20(75)&fromage=14&start=90&vjk=4962985708a848d0,courbevoie,92,"['data', 'analyst']"
sanofi,un alternant - charge de projet outils supply chain (h/f),https://www.indeed.fr/jobs?q=alternance%20data&l=paris%20(75)&fromage=14&start=90&vjk=4ac50e078ab36bf2,gentilly,94,['Mauvaise Anonce']
aldi,data analyst senior h/f,https://www.indeed.fr/jobs?q=alternance%20data&l=paris%20(75)&fromage=14&start=90&vjk=edd7e4725d4efd09,villepinte,93,"['data', 'analyst']"
verduron,data engineer python sql – h/f,https://www.indeed.fr/jobs?q=alternance%20data&l=paris%20(75)&fromage=14&start=90&vjk=aabdd329fc5ed18e,paris,75,['data']
pontoon,alternance chargé de la gestion de la documentation h/f,https://www.indeed.fr/jobs?q=alternance%20data&l=paris%20(75)&fromage=14&start=90&vjk=fdc1435313962d09,créteil,94,['alternance']
sgdf,charge(e) de projet rassemblement europeen (h/f),https://www.indeed.fr/jobs?q=alternance%20data&l=paris%20(75)&fromage=14&start=90&vjk=4ebd1137771d3c0f,arcueil,94,['Mauvaise Anonce']
natixis,stage - 6 mois - data scientist (h/f) - paris 13ème,https://www.indeed.fr/jobs?q=alternance%20data&l=paris%20(75)&fromage=14&start=100&vjk=c9908fe429aad396,paris,75,"['stage', 'data', 'scientist']"
sanofi,un alternant – charge preparation des donnees (h/f),https://www.indeed.fr/jobs?q=alternance%20data&l=paris%20(75)&fromage=14&start=100&vjk=76dd16bab4947ceb,gentilly,94,['Mauvaise Anonce']
dassault systèmes,stage - data scientist anti-piratage (h/f),https://www.indeed.fr/jobs?q=alternance%20data&l=paris%20(75)&fromage=14&start=100&vjk=63e9820ad452b04a,vélizy-villacoublay,78,"['stage', 'data', 'scientist']"
sanofi,un alternant - charge modelisation de donnees (h/f),https://www.indeed.fr/jobs?q=alternance%20data&l=paris%20(75)&fromage=14&start=100&vjk=49ce204872fb3671,gentilly,94,['Mauvaise Anonce']
paris habitat,chargé(e) d’études handicap et vieillissement - alternance,https://www.indeed.fr/jobs?q=alternance%20data&l=paris%20(75)&fromage=14&start=100&vjk=a1a0ed524c358340,paris,75,['alternance']
a.d.t.,charge de projets traduction f/h,https://www.indeed.fr/jobs?q=alternance%20data&l=paris%20(75)&fromage=14&start=100&vjk=2ff10ca11e1c464e,soisy-sous-montmorency,95,['Mauvaise Anonce']
anses,chargé(e) de projets européens (h/f),https://www.indeed.fr/jobs?q=alternance%20data&l=paris%20(75)&fromage=14&start=100&vjk=491e9b0d1f72c19f,maisons-alfort,94,['Mauvaise Anonce']
bbj,chargé de projets h/f,https://www.indeed.fr/jobs?q=alternance%20data&l=paris%20(75)&fromage=14&start=100&vjk=abed821f3d0d3611,rueil-malmaison,92,['Mauvaise Anonce']
showroomprive.com,analyste outil supply chain (stage/alternance) - h/f,https://www.indeed.fr/jobs?q=alternance%20data&l=paris%20(75)&fromage=14&start=100&vjk=04a8c627d531a429,saint-denis,93,['Mauvaise Anonce']
randstad inhouse,data analyst (f/h),https://www.indeed.fr/jobs?q=alternance%20data&l=paris%20(75)&fromage=14&start=100&vjk=57e30faeb698fb70,courbevoie,92,"['data', 'analyst']"
dassault systèmes,stage – analyste données portfolio (h/f),https://www.indeed.fr/jobs?q=alternance%20data&l=paris%20(75)&fromage=14&start=100&vjk=72054d01cf2025d9,vélizy-villacoublay,78,['stage']
euklid,administrateur data analyst f/h,https://www.indeed.fr/jobs?q=alternance%20data&l=paris%20(75)&fromage=14&start=100&vjk=05dc72836eac7691,courbevoie,92,"['data', 'analyst']"
sanofi,un alternant- charge de projet innovation r&d (h/f),https://www.indeed.fr/jobs?q=alternance%20data&l=paris%20(75)&fromage=14&start=100&vjk=c1b690227c90f83c,chilly-mazarin,91,['Mauvaise Anonce']
sanofi,un alternant - chargé de projet solutions digitales (h/f),https://www.indeed.fr/jobs?q=alternance%20data&l=paris%20(75)&fromage=14&start=110&vjk=ef9426c91c68215e,gentilly,94,['Mauvaise Anonce']
ricoh france,assistant pmo - chargé(e) de projets en alternance,https://www.indeed.fr/jobs?q=alternance%20data&l=paris%20(75)&fromage=14&start=110&vjk=05ce03243403c99b,rungis,94,['alternance']
gimopharm,alternance chargé de projet industrie pharmaceutique/cosmétique h/f,https://www.indeed.fr/jobs?q=alternance%20data&l=paris%20(75)&fromage=14&start=110&vjk=a623844f369d5d4d,longjumeau,91,['alternance']
aldi,chargé de projet vente f/h,https://www.indeed.fr/jobs?q=alternance%20data&l=paris%20(75)&fromage=14&start=110&vjk=56fa96797e32b8d7,villepinte,93,['Mauvaise Anonce']
rakuten france,data scientist senior f/m,https://www.indeed.fr/jobs?q=alternance%20data&l=paris%20(75)&fromage=14&start=110&vjk=5785e14085c17b31,paris,75,"['data', 'scientist']"
citeo,alternance - charge de mission ecoconception f/h,https://www.indeed.fr/jobs?q=alternance%20data&l=paris%20(75)&fromage=14&start=110&vjk=11830ec491083c29,paris,75,['alternance']
rede,assistant logistique h/f (alternance),https://www.indeed.fr/jobs?q=alternance%20data&l=paris%20(75)&fromage=14&start=110&vjk=3cdd8704d5be8c23,paris,75,['Mauvaise Anonce']
geodis,chargé de projet supply chain - alternance h/f,https://www.indeed.fr/jobs?q=alternance%20data&l=paris%20(75)&fromage=14&start=110&vjk=c9b84f8542b53767,levallois-perret,92,['alternance']
college de paris,alternance - assistant marketing (h/f),https://www.indeed.fr/jobs?q=alternance%20data&l=paris%20(75)&fromage=14&start=120&advn=7736870941523477&vjk=4ab9864bc48ea6be,noisiel,77,['alternance']
natixis,stage - 6 mois - data scientist (h/f) - paris 13ème,https://www.indeed.fr/jobs?q=alternance%20data&l=paris%20(75)&fromage=14&start=120&vjk=c9908fe429aad396,paris,75,"['stage', 'data', 'scientist']"
ysance,data integration engineer - talend f/h,https://www.indeed.fr/jobs?q=alternance%20data&l=paris%20(75)&fromage=14&start=120&vjk=4df7d217711d3731,paris,75,['data']
universcience,chargé.e du développement durable (alternance),https://www.indeed.fr/jobs?q=alternance%20data&l=paris%20(75)&fromage=14&start=120&vjk=cc7985261891e3a0,paris,75,['Mauvaise Anonce']
icf habitat,chargé mod en alternance - h/f,https://www.indeed.fr/jobs?q=alternance%20data&l=paris%20(75)&fromage=14&start=120&vjk=7af515837c6965ab,paris,75,['alternance']
altares d&b,alternance - assistant responsable des alliances et partenariats h/f,https://www.indeed.fr/jobs?q=alternance%20data&l=paris%20(75)&fromage=14&start=120&vjk=cac88d78b1eff9b5,colombes,92,['alternance']
watura,chargé(e) de projet pédagogique hse (f/h),https://www.indeed.fr/jobs?q=alternance%20data&l=paris%20(75)&fromage=14&start=120&vjk=0d1b0e03f60e8bfb,saint-ouen,93,['Mauvaise Anonce']
ept est ensemble,chargé(e) de suivi assainissement et eau pluviale des projets urbains h/f,https://www.indeed.fr/jobs?q=alternance%20data&l=paris%20(75)&fromage=14&start=120&vjk=ed1d69051d0c1dd4,saint-denis,93,['Mauvaise Anonce']
experconnect,chargé(e) de projet - transformation digitale,https://www.indeed.fr/jobs?q=alternance%20data&l=paris%20(75)&fromage=14&start=120&vjk=a5777aa49037d430,paris,75,['Mauvaise Anonce']
natixis,alternance 24 mois - chargé de développement expérience collaborateur h/f - paris 13ème,https://www.indeed.fr/jobs?q=alternance%20data&l=paris%20(75)&fromage=14&start=120&vjk=3cdfbb53ed6487de,paris,75,['alternance']
smac,alternance - assistant(e) formation h/f,https://www.indeed.fr/jobs?q=alternance%20data&l=paris%20(75)&fromage=14&start=120&vjk=08cd6a978e885347,issy-les-moulineaux,92,['alternance']
ligue nationale contre le cancer,chargé de mission stratégie marketing et analyse data/crm f/h,https://www.indeed.fr/jobs?q=alternance%20data&l=paris%20(75)&fromage=14&start=120&vjk=9f6db774ea12b820,paris,75,['Mauvaise Anonce']
face paris,chargé.e de mission projet,https://www.indeed.fr/jobs?q=alternance%20data&l=paris%20(75)&fromage=14&start=120&vjk=4cd35e5be91893d8,paris,75,['Mauvaise Anonce']
siège fnac darty,alternance - assistant analyste sécurité informatique f/h,https://www.indeed.fr/jobs?q=alternance%20data&l=paris%20(75)&fromage=14&start=120&vjk=5510b5483bf16d42,ivry-sur-seine,94,['alternance']
umanis,data scientist expert h/f,https://www.indeed.fr/jobs?q=alternance%20data&l=paris%20(75)&fromage=14&start=120&vjk=4dfa32240f16f764,levallois-perret,92,"['data', 'scientist']"
iscod,chargé(e) de communication et marketing digital - alternance - paris,https://www.indeed.fr/jobs?q=alternance%20data&l=paris%20(75)&fromage=14&start=130&advn=4629412499192798&vjk=deac4f30a44641a1,paris,75,['alternance']
amnesty international section francaise,chargé/chargée de projet évènementiel & e-crm f/h,https://www.indeed.fr/jobs?q=alternance%20data&l=paris%20(75)&fromage=14&start=130&vjk=a405ec96db71c92f,paris,75,['Mauvaise Anonce']
amnesty international,chargé/chargée de projet évènementiel & e-crm,https://www.indeed.fr/jobs?q=alternance%20data&l=paris%20(75)&fromage=14&start=130&vjk=40bd81dd407ad94c,paris,75,['Mauvaise Anonce']
management informatique & nouvelles technologies conseil,consultant data analyste web et analytics secteur médias f/h,https://www.indeed.fr/jobs?q=alternance%20data&l=paris%20(75)&fromage=14&start=130&vjk=211e3b3158c21627,paris,75,['data']
sgdf,charge de projets a l’abri de la maltraitance & de suivi des cas complexes (h/f),https://www.indeed.fr/jobs?q=alternance%20data&l=paris%20(75)&fromage=14&start=130&vjk=4cc7de2c223467fa,arcueil,94,['Mauvaise Anonce']
franfinance,alternance chargé(e) de marketing opérationnel-(h/f),https://www.indeed.fr/jobs?q=alternance%20data&l=paris%20(75)&fromage=14&start=130&vjk=f245621c29265272,nanterre,92,['alternance']
ulule,chargé(e) de projets vidéo,https://www.indeed.fr/jobs?q=alternance%20data&l=paris%20(75)&fromage=14&start=130&vjk=6e3b55cb0e6499c0,paris,75,['Mauvaise Anonce']
anses,chargé de projets européens - anses,https://www.indeed.fr/jobs?q=alternance%20data&l=paris%20(75)&fromage=14&start=130&vjk=18a25d5e4f7b94a4,maisons-alfort,94,['Mauvaise Anonce']
remy cointreau,chargé(e) de projets junior mécénat,https://www.indeed.fr/jobs?q=alternance%20data&l=paris%20(75)&fromage=14&start=130&vjk=bef6de7b0a94665e,paris,75,['Mauvaise Anonce']
pwc,"""assistant(e) sales & marketing | alternance | h/f""",https://www.indeed.fr/jobs?q=alternance%20data&l=paris%20(75)&fromage=14&start=130&vjk=58f6b4a7b73f1417,levallois-perret,92,['alternance']
progress sante,chargé(e) de projets marketing et communication digitale,https://www.indeed.fr/jobs?q=alternance%20data&l=paris%20(75)&fromage=14&start=130&vjk=4534c8836c3f705e,paris,75,['Mauvaise Anonce']
direction des systèmes d'information et du numérique - ville de paris,chargé.e du domaine social - projets informatiques moe - ville de paris f/h,https://www.indeed.fr/jobs?q=alternance%20data&l=paris%20(75)&fromage=14&start=130&vjk=e0ed450d5a1739e1,paris,75,['Mauvaise Anonce']
total,alternance- chargé de projets rse - social business & sociétal h-f,https://www.indeed.fr/jobs?q=alternance%20data&l=paris%20(75)&fromage=14&start=130&vjk=e3a419c97f187fde,nanterre,92,['Mauvaise Anonce']
efrei,chargé de projet alumni (h/f),https://www.indeed.fr/jobs?q=alternance%20data&l=paris%20(75)&fromage=14&start=130&vjk=327e7d6d191e809c,villejuif,94,['Mauvaise Anonce']
abc arbitrage,02. senior data scientist - python (h/f),https://www.indeed.fr/jobs?q=alternance%20data&l=paris%20(75)&fromage=14&start=130&vjk=9966350a63797f4a,paris,75,"['data', 'scientist']"
orthlane,chargé(e) de communication & marketing - alternance,https://www.indeed.fr/jobs?q=alternance%20data&l=paris%20(75)&fromage=14&start=140&vjk=0ee233fd2ef57bb7,la courneuve,93,['alternance']
seine-saint-denis,"chargé-e de projets ""pacte ambition iae en seine saint denis"" h/f",https://www.indeed.fr/jobs?q=alternance%20data&l=paris%20(75)&fromage=14&start=140&vjk=d72eb4d64c4056b1,bobigny,93,['Mauvaise Anonce']
sage,chargé(e) de comm externe (alternance),https://www.indeed.fr/jobs?q=alternance%20data&l=paris%20(75)&fromage=14&start=140&vjk=94cbfdd34ccb4c74,la garenne-colombes,92,['Mauvaise Anonce']
la relève,alternance - chargé(e) de webmarketing - startup sport,https://www.indeed.fr/jobs?q=alternance%20data&l=paris%20(75)&fromage=14&start=140&vjk=a1a9a9c89c7b05dd,paris,75,['alternance']
bruce field,assistant web marketing a temps plein ou alternance,https://www.indeed.fr/jobs?q=alternance%20data&l=paris%20(75)&fromage=14&start=140&vjk=a588753da3ceff03,saint-ouen,93,['alternance']
allinsourcing,chargé de projet digital marketing epargne,https://www.indeed.fr/jobs?q=alternance%20data&l=paris%20(75)&fromage=14&start=140&vjk=d3af8188aedcd1bd,paris,75,['Mauvaise Anonce']
symrise,chargé(e) de projet marketing produits laitiers (h/f),https://www.indeed.fr/jobs?q=alternance%20data&l=paris%20(75)&fromage=14&start=140&vjk=29314c4fa91551ff,clichy,92,['Mauvaise Anonce']
kubota europe,alternance analyst digital assistant,https://www.indeed.fr/jobs?q=alternance%20data&l=paris%20(75)&fromage=14&start=140&vjk=354c309dd0773962,argenteuil,95,"['alternance', 'analyst']"
food love,chargé de communication junior en alternance,https://www.indeed.fr/jobs?q=alternance%20data&l=paris%20(75)&fromage=14&start=140&vjk=985d6a95f4d3cb56,villejuif,94,['alternance']
ethic ocean,chargé(e) de projet préservation des océans h/f,https://www.indeed.fr/jobs?q=alternance%20data&l=paris%20(75)&fromage=14&start=140&vjk=9ef2406c1d001293,pantin,93,['Mauvaise Anonce']
passion beauté,assistant(e) chargé(e) de projets digitaux,https://www.indeed.fr/jobs?q=alternance%20data&l=paris%20(75)&fromage=14&start=140&vjk=cbf3ac44d42c410a,fontenay-sous-bois,94,['Mauvaise Anonce']
walters people,chargé de projet marketing digital h/f,https://www.indeed.fr/jobs?q=alternance%20data&l=paris%20(75)&fromage=14&start=140&vjk=ccd25ac97b274b25,suresnes,92,['Mauvaise Anonce']
talentis horizon,assistant(e) marketing en alternance h/f,https://www.indeed.fr/jobs?q=alternance%20data&l=paris%20(75)&fromage=14&start=140&vjk=f600db25ff87657d,paris,75,['alternance']
kuehne+nagel,chargé(e) de communication - alternance,https://www.indeed.fr/jobs?q=alternance%20data&l=paris%20(75)&fromage=14&start=140&vjk=61ad7605ea7ef4fe,paris,75,['alternance']
food love,chargé de vente en alternance,https://www.indeed.fr/jobs?q=alternance%20data&l=paris%20(75)&fromage=14&start=140&vjk=ffd98ba847824873,paris,75,['alternance']
geodis,chargé(e) de missions commerce en alternance h/f,https://www.indeed.fr/jobs?q=alternance%20data&l=paris%20(75)&fromage=14&start=150&vjk=abfb81c42f1d408f,gennevilliers,92,['alternance']
cadreo,data analyst - data steward f/h,https://www.indeed.fr/jobs?q=alternance%20data&l=paris%20(75)&fromage=14&start=150&vjk=07c0b24a7a9ed25b,paris,75,"['data', 'analyst', 'data']"
hub one,apprenti.e charge.e de missions innovations alternance,https://www.indeed.fr/jobs?q=alternance%20data&l=paris%20(75)&fromage=14&start=150&vjk=e6c905305d6ce527,tremblay-en-france,93,['alternance']
santé publique france,chargé de projet scientifique - surveillance du covid-19,https://www.indeed.fr/jobs?q=alternance%20data&l=paris%20(75)&fromage=14&start=150&vjk=26b4da604f26b1df,saint-maurice,94,['Mauvaise Anonce']
elatos,chargé d’affaires territoriales – projets éoliens f/h,https://www.indeed.fr/jobs?q=alternance%20data&l=paris%20(75)&fromage=14&start=150&vjk=a8f131a887417e87,courbevoie,92,['Mauvaise Anonce']
alan allman associates,consultant--data analyste,https://www.indeed.fr/jobs?q=alternance%20data&l=paris%20(75)&fromage=14&start=150&vjk=e5b26565eca75d46,paris,75,['Mauvaise Anonce']
saveurs et vie,"chargé projet, gestionnaire flotte h/f",https://www.indeed.fr/jobs?q=alternance%20data&l=paris%20(75)&fromage=14&start=150&vjk=5f9cf9ee83cd0bf4,orly,94,['Mauvaise Anonce']
extia,stage - chargé(e) de projets mécénats de compétences - idf,https://www.indeed.fr/jobs?q=alternance%20data&l=paris%20(75)&fromage=14&start=150&vjk=e345bc96882ed0dd,sèvres,92,['stage']
getpro,data engineer aws,https://www.indeed.fr/jobs?q=alternance%20data&l=paris%20(75)&fromage=14&start=150&vjk=5a154128c1e44f68,paris,75,['data']
highline paris,architecte chargé de projet pour un ensemble tertiaire,https://www.indeed.fr/jobs?q=alternance%20data&l=paris%20(75)&fromage=14&start=150&vjk=da4d8ea979bbb8ec,paris,75,['Mauvaise Anonce']
hauts-de-seine habitat,alternant chargé de prévention (pst) h/f,https://www.indeed.fr/jobs?q=alternance%20data&l=paris%20(75)&fromage=14&start=150&vjk=fa061e1aaea89136,levallois-perret,92,['Mauvaise Anonce']
qonto,lead data engineer,https://www.indeed.fr/jobs?q=alternance%20data&l=paris%20(75)&fromage=14&start=150&vjk=5e2afd5a50571c41,paris,75,['data']
ditesco,chargé de communication en alternance,https://www.indeed.fr/jobs?q=alternance%20data&l=paris%20(75)&fromage=14&start=150&vjk=a40d931e4e4d48fb,villejuif,94,['alternance']
alter solutions,data engineer f/h,https://www.indeed.fr/jobs?q=alternance%20data&l=paris%20(75)&fromage=14&start=150&vjk=28cc720300f884a6,paris,75,['data']
intersport,alternance - business analyst h/f,https://www.indeed.fr/jobs?q=alternance%20data&l=paris%20(75)&fromage=14&start=150&vjk=53873b4607e84228,longjumeau,91,"['alternance', 'analyst']"
natixis,stage - 6 mois - data scientist (h/f) - paris 13ème,https://www.indeed.fr/jobs?q=alternance%20data&l=paris%20(75)&fromage=14&start=160&vjk=c9908fe429aad396,paris,75,"['stage', 'data', 'scientist']"
extia,stage - chargé(e) de projets mécénats de compétences - idf,https://www.indeed.fr/jobs?q=alternance%20data&l=paris%20(75)&fromage=14&start=160&vjk=64ee5c7c0920d51d,paris,75,['stage']
anses,chargé de projets européens - anses,https://www.indeed.fr/jobs?q=alternance%20data&l=paris%20(75)&fromage=14&start=160&vjk=18a25d5e4f7b94a4,maisons-alfort,94,['Mauvaise Anonce']
nexity,chargé(e) de projet conformité (h/f) – stage/annee cesure,https://www.indeed.fr/jobs?q=alternance%20data&l=paris%20(75)&fromage=14&start=160&vjk=b10a0668fccc7ed4,paris,75,['Mauvaise Anonce']
crédit agricole,alternance - assistant chargé de projet marketing - marché des professionnels h/f,https://www.indeed.fr/jobs?q=alternance%20data&l=paris%20(75)&fromage=14&start=160&vjk=2f721494967adcf0,paris,75,['alternance']
dassault systèmes,stage - automatic code correction - software data scientist (h/f),https://www.indeed.fr/jobs?q=alternance%20data&l=paris%20(75)&fromage=14&start=160&vjk=711a9b1dca2c9cba,vélizy-villacoublay,78,"['stage', 'data', 'scientist']"
back market,lead data scientist,https://www.indeed.fr/jobs?q=alternance%20data&l=paris%20(75)&fromage=14&start=160&vjk=69b0a8c717459e82,paris,75,"['data', 'scientist']"
louis vuitton,alternance – assistant(e) développement pap homme (f/h),https://www.indeed.fr/jobs?q=alternance%20data&l=paris%20(75)&fromage=14&start=160&vjk=12858945120b7cf8,paris,75,['alternance']
elsan,un(e) assistant(e) qualite en alternance,https://www.indeed.fr/jobs?q=alternance%20data&l=paris%20(75)&fromage=14&start=160&vjk=69c270e994fa9eba,stains,93,['alternance']
natixis stage,alternance - (1 an) - assistant(e) chef de projet it finance - 75013 paris f/h,https://www.indeed.fr/jobs?q=alternance%20data&l=paris%20(75)&fromage=14&start=160&vjk=b2d594d5f9ace376,paris,75,['alternance']
natixis,alternance - (1 an) - assistant(e) chef de projet it finance - 75013 paris,https://www.indeed.fr/jobs?q=alternance%20data&l=paris%20(75)&fromage=14&start=160&vjk=33afa0e1d486797d,paris,75,['alternance']
free,alternance assistant chef de projet communication f/h,https://www.indeed.fr/jobs?q=alternance%20data&l=paris%20(75)&fromage=14&start=160&vjk=bedf8ed286f5b6f9,paris,75,['alternance']
dassault systèmes,stage - chargé de projet - développement durable (h/f),https://www.indeed.fr/jobs?q=alternance%20data&l=paris%20(75)&fromage=14&start=160&vjk=84f5d6d571030b6d,vélizy-villacoublay,78,['stage']
ubisoft,data engineer h/f,https://www.indeed.fr/jobs?q=alternance%20data&l=paris%20(75)&fromage=14&start=160&vjk=acd18eefd9e5e9b4,montreuil,93,['data']
jellysmack,senior data scientist h/f - cdi (levallois/corte),https://www.indeed.fr/jobs?q=alternance%20data&l=paris%20(75)&fromage=14&start=170&advn=997647825922521&vjk=dfb486f67333639f,levallois-perret,92,"['data', 'scientist']"
alliance automotive group,manager reporting bi/ business analyst (h/f),https://www.indeed.fr/jobs?q=alternance%20data&l=paris%20(75)&fromage=14&start=170&vjk=bb3a01cf859d6285,levallois-perret,92,['analyst']
devoteam,consultant data engineer #kubernetes #elk #ansible h/f,https://www.indeed.fr/jobs?q=alternance%20data&l=paris%20(75)&fromage=14&start=170&vjk=0795a9eab1c8b81d,levallois-perret,92,['data']
blablacar,junior data software engineer - warehouse,https://www.indeed.fr/jobs?q=alternance%20data&l=paris%20(75)&fromage=14&start=170&vjk=4379708243288420,paris,75,['data']
infogene,data engineer (h/f),https://www.indeed.fr/jobs?q=alternance%20data&l=paris%20(75)&fromage=14&start=170&vjk=d7fc3942180f16dd,neuilly-sur-seine,92,['data']
devoteam,senior data engineer #hadoop #spark #kafka,https://www.indeed.fr/jobs?q=alternance%20data&l=paris%20(75)&fromage=14&start=170&vjk=bb77f6bd3d4115b0,levallois-perret,92,['data']
clubeling,alternance développeur fullstack,https://www.indeed.fr/jobs?q=alternance%20data&l=paris%20(75)&fromage=14&start=170&vjk=04d49aac8cc81a40,paris,75,"['alternance', 'développeur']"
fed finance,data analyst - h/f,https://www.indeed.fr/jobs?q=alternance%20data&l=paris%20(75)&fromage=14&start=170&vjk=494a924b167269f2,paris,75,"['data', 'analyst']"
orano,alternance développeur web/ihm f/h,https://www.indeed.fr/jobs?q=alternance%20data&l=paris%20(75)&fromage=14&start=170&vjk=211110b213354a50,ch,92,"['alternance', 'développeur']"
arondor,data scientist computer vision f/h,https://www.indeed.fr/jobs?q=alternance%20data&l=paris%20(75)&fromage=14&start=170&vjk=40d3209d629fc293,paris,75,"['data', 'scientist']"
extia,stage - chargé(e) de projets mécénats de compétences - idf,https://www.indeed.fr/jobs?q=alternance%20data&l=paris%20(75)&fromage=14&start=170&vjk=e345bc96882ed0dd,sèvres,92,['stage']
molotov,senior data analyst h/f pariscdi,https://www.indeed.fr/jobs?q=alternance%20data&l=paris%20(75)&fromage=14&start=170&vjk=8f8d91eba75e72e8,paris,75,"['data', 'analyst']"
ingeniance,data scientist - f/h,https://www.indeed.fr/jobs?q=alternance%20data&l=paris%20(75)&fromage=14&start=170&vjk=13c6f8dee15d6e91,la défense,92,"['data', 'scientist']"
ysance,cloud data engineer f/h,https://www.indeed.fr/jobs?q=alternance%20data&l=paris%20(75)&fromage=14&start=170&vjk=ca6ecc4c065a8840,paris,75,['data']
agylis,data business analyst,https://www.indeed.fr/jobs?q=alternance%20data&l=paris%20(75)&fromage=14&start=170&vjk=787b300512d54de2,paris,75,"['data', 'analyst']"
geodis,chargé(e) de missions commerce en alternance h/f,https://www.indeed.fr/jobs?q=alternance%20data&l=paris%20(75)&fromage=14&start=180&vjk=abfb81c42f1d408f,gennevilliers,92,['alternance']
inventiv it,consultant data scientist (h/f),https://www.indeed.fr/jobs?q=alternance%20data&l=paris%20(75)&fromage=14&start=180&vjk=ea93e05bc5fd4501,levallois-perret,92,"['data', 'scientist']"
innov and co diversité,business analyst data - anglais bon / freelance,https://www.indeed.fr/jobs?q=alternance%20data&l=paris%20(75)&fromage=14&start=180&vjk=fd217493212644da,montrouge,92,"['analyst', 'data']"
cadreo,data manager et analyste processus gestion s&op et gpec f/h,https://www.indeed.fr/jobs?q=alternance%20data&l=paris%20(75)&fromage=14&start=180&vjk=5f8770d20869d642,courbevoie,92,['data']
monster,data analyste confirmé (h/f),https://www.indeed.fr/jobs?q=alternance%20data&l=paris%20(75)&fromage=14&start=180&vjk=0a134f3aeb779368,villepinte,93,['data']
freelance vision,data analyst iard / freelance,https://www.indeed.fr/jobs?q=alternance%20data&l=paris%20(75)&fromage=14&start=180&vjk=2caf9882503e4fb4,nanterre,92,"['data', 'analyst']"
pwc,chargé de reporting & data finance – @pwc neuilly-sur-seine – cdi – h/f,https://www.indeed.fr/jobs?q=alternance%20data&l=paris%20(75)&fromage=14&start=180&vjk=4b06a7f9dc2ecec0,neuilly-sur-seine,92,['data']
innov and co diversité,"data analyst denodo et powerbi, anglais bon / freelance",https://www.indeed.fr/jobs?q=alternance%20data&l=paris%20(75)&fromage=14&start=180&vjk=2ae474ad8b916e15,colombes,92,"['data', 'analyst']"
cadreo,responsable data analyst f/h,https://www.indeed.fr/jobs?q=alternance%20data&l=paris%20(75)&fromage=14&start=180&vjk=74c2de341c915b53,meudon,92,"['data', 'analyst']"
ratpdev,stage data analyst h/f,https://www.indeed.fr/jobs?q=alternance%20data&l=paris%20(75)&fromage=14&start=180&vjk=d4725301fda3d68c,paris,75,"['stage', 'data', 'analyst']"
capfi,data analyst h/f,https://www.indeed.fr/jobs?q=alternance%20data&l=paris%20(75)&fromage=14&start=180&vjk=49369df7161f9916,paris,75,"['data', 'analyst']"
smac,alternance - chargé d'affaires sas h/f,https://www.indeed.fr/jobs?q=alternance%20data&l=paris%20(75)&fromage=14&start=180&vjk=53fbd99ace609479,sarcelles,95,['alternance']
ilyeum,data scientist sql/ bi / powerbi/data management (h/f) / freelance,https://www.indeed.fr/jobs?q=alternance%20data&l=paris%20(75)&fromage=14&start=180&vjk=5206c00ef736d1c6,charenton-le-pont,94,"['data', 'scientist']"
natixis stage,alternance - 1 an - chargé(e) de conformité - paris 13ème f/h,https://www.indeed.fr/jobs?q=alternance%20data&l=paris%20(75)&fromage=14&start=180&vjk=265167cb6b5db0be,paris,75,['alternance']
rothschild martin maurel,chargé(e) de projets finance - cdd f/h,https://www.indeed.fr/jobs?q=alternance%20data&l=paris%20(75)&fromage=14&start=180&vjk=2b878a8737cda32f,paris,75,['Mauvaise Anonce']
synergie,chargé de projet d'affaires en industrie f/h,https://www.indeed.fr/jobs?q=alternance%20data&l=paris%20(75)&fromage=14&start=190&advn=8255147672943542&vjk=82b86a87ab974713,vélizy-villacoublay,78,['Mauvaise Anonce']
natixis,alternance - 1 an - chargé(e) de conformité h/f - paris 13ème,https://www.indeed.fr/jobs?q=alternance%20data&l=paris%20(75)&fromage=14&start=190&vjk=aed977b8568f0c6e,paris,75,['alternance']
natixis,alternance (18 ou 24 mois) - analyste financier titres non cotés solidaires - 75013 paris,https://www.indeed.fr/jobs?q=alternance%20data&l=paris%20(75)&fromage=14&start=190&vjk=87c61250a113ab6c,paris,75,['alternance']
natixis stage,alternance - 1 an - chargé de middle office - paris 13ème f/h,https://www.indeed.fr/jobs?q=alternance%20data&l=paris%20(75)&fromage=14&start=190&vjk=758e1f723afc8afd,paris,75,['alternance']
rothschild & co,chargé(e) de projets finance - cdd,https://www.indeed.fr/jobs?q=alternance%20data&l=paris%20(75)&fromage=14&start=190&vjk=7e8e43e6755263a7,paris,75,['Mauvaise Anonce']
abc arbitrage,senior data scientist - python (h/f),https://www.indeed.fr/jobs?q=alternance%20data&l=paris%20(75)&fromage=14&start=190&vjk=9bdab006932452c0,paris,75,"['data', 'scientist']"
dassault systèmes,stage - chargé de projet rse / diversité (h/f),https://www.indeed.fr/jobs?q=alternance%20data&l=paris%20(75)&fromage=14&start=190&vjk=28af8b86af63b3af,vélizy-villacoublay,78,['stage']
hays,chargé de projets finance h/f,https://www.indeed.fr/jobs?q=alternance%20data&l=paris%20(75)&fromage=14&start=190&vjk=fc34111dab2abe67,paris,75,['Mauvaise Anonce']
solmondo,alternant - chargé(e) d'affaires cyber,https://www.indeed.fr/jobs?q=alternance%20data&l=paris%20(75)&fromage=14&start=190&vjk=0f322562df05846b,paris,75,['Mauvaise Anonce']
association dnf pour un monde zero tabac,chargé de projet f/h,https://www.indeed.fr/jobs?q=alternance%20data&l=paris%20(75)&fromage=14&start=190&vjk=636c306a4e87c3c0,paris,75,['Mauvaise Anonce']
université paris est créteil val de marne,chargé de projet junior (eur live) - santé,https://www.indeed.fr/jobs?q=alternance%20data&l=paris%20(75)&fromage=14&start=190&vjk=2bee9e30ffa1cdde,créteil,94,['Mauvaise Anonce']
hanson regan limited,iot & big data ttech specialist engineer / freelance,https://www.indeed.fr/jobs?q=alternance%20data&l=paris%20(75)&fromage=14&start=190&vjk=2553671ae41d1f29,paris,75,['data']
chanel,stage – assistant(e) retail analyst & coordinator h/f – mode marché france – décembre 2020/janvier 2021,https://www.indeed.fr/jobs?q=alternance%20data&l=paris%20(75)&fromage=14&start=190&vjk=33ef8467280063b0,paris,75,"['stage', 'analyst']"
beteam,data engineer gcp / freelance,https://www.indeed.fr/jobs?q=alternance%20data&l=paris%20(75)&fromage=14&start=190&vjk=9e5d6fb53c7c5adf,neuilly-sur-seine,92,['data']
natixis stage,alternance - 2 ans - assistant manager - paris f/h,https://www.indeed.fr/jobs?q=alternance%20data&l=paris%20(75)&fromage=14&start=190&vjk=16ebdfd2bab08f37,paris,75,['alternance']
college de paris,alternance - assistant marketing (h/f),https://www.indeed.fr/jobs?q=alternance%20data&l=paris%20(75)&fromage=14&start=200&advn=7736870941523477&vjk=9e6d824335826356,noisiel,77,['alternance']
t-systems france,alternant(e) chargé(e) de communication,https://www.indeed.fr/jobs?q=alternance%20data&l=paris%20(75)&fromage=14&start=200&vjk=273a57e2d737b1f7,rueil-malmaison,92,['Mauvaise Anonce']
extia,stage - chargé(e) de projets mécénats de compétences - idf,https://www.indeed.fr/jobs?q=alternance%20data&l=paris%20(75)&fromage=14&start=200&vjk=64ee5c7c0920d51d,paris,75,['stage']
abc arbitrage,02. senior data scientist - python (h/f),https://www.indeed.fr/jobs?q=alternance%20data&l=paris%20(75)&fromage=14&start=200&vjk=9966350a63797f4a,paris,75,"['data', 'scientist']"
atixis,alternance - assistant(e) technique (h/f),https://www.indeed.fr/jobs?q=alternance%20data&l=paris%20(75)&fromage=14&start=200&vjk=e6a69965a60db48b,courbevoie,92,['alternance']
chronopostfood,assistant(e) marketing digital h/f alternance,https://www.indeed.fr/jobs?q=alternance%20data&l=paris%20(75)&fromage=14&start=200&vjk=591a4f9906bee8f0,paris,75,['alternance']
plug in digital,assistant(e) content manager jv en alternance,https://www.indeed.fr/jobs?q=alternance%20data&l=paris%20(75)&fromage=14&start=200&vjk=9143aa7d1b29f52a,paris,75,['alternance']
altesse,assistant(e) de direction – alternance 3j/2j,https://www.indeed.fr/jobs?q=alternance%20data&l=paris%20(75)&fromage=14&start=200&vjk=890f9f35b5a2fe39,paris,75,['alternance']
mutex,assistant marketing en alternance h/f,https://www.indeed.fr/jobs?q=alternance%20data&l=paris%20(75)&fromage=14&start=200&vjk=2a94589a38442e02,ch,92,['alternance']
mission locale de paris,chargé/e de projet entrepreneuriat f/h,https://www.indeed.fr/jobs?q=alternance%20data&l=paris%20(75)&fromage=14&start=200&vjk=adf4cde9269c77ca,paris,75,['Mauvaise Anonce']
meemo,assistant marketing digital - alternance,https://www.indeed.fr/jobs?q=alternance%20data&l=paris%20(75)&fromage=14&start=200&vjk=de24e45c595cc49b,paris,75,['alternance']
thales group,alternance - assistant configuration manager (h/f),https://www.indeed.fr/jobs?q=alternance%20data&l=paris%20(75)&fromage=14&start=200&vjk=7294d275e0b5bebf,vélizy-villacoublay,78,['alternance']
nova consulting,data scientist / data engineer (h/f),https://www.indeed.fr/jobs?q=alternance%20data&l=paris%20(75)&fromage=14&start=210&vjk=c72569eba6383b52,paris,75,"['data', 'scientist', 'data']"
inmac wstore,alternance - assistant web marketing f/h,https://www.indeed.fr/jobs?q=alternance%20data&l=paris%20(75)&fromage=14&start=210&vjk=cacb28d4311c1f34,roissy-en-france,95,['alternance']
facilitess,charge(e) de projet goodies,https://www.indeed.fr/jobs?q=alternance%20data&l=paris%20(75)&fromage=14&start=210&vjk=4ba1779c160dd4fb,charenton-le-pont,94,['Mauvaise Anonce']
mozaik rh,alternance - chargé de gestion f/h,https://www.indeed.fr/jobs?q=alternance%20data&l=paris%20(75)&fromage=14&start=210&vjk=085a84e1c4481e7b,paris,75,['alternance']
rd2 conseil,docteur r&d – intelligence artificielle / data scientist – rez f/h,https://www.indeed.fr/jobs?q=alternance%20data&l=paris%20(75)&fromage=14&start=210&vjk=35f69f4fa3933e6b,boulogne-billancourt,92,"['data', 'scientist']"
thales group,alternance - assistant de direction (h/f),https://www.indeed.fr/jobs?q=alternance%20data&l=paris%20(75)&fromage=14&start=210&vjk=c51c7e8148b35f0b,vélizy-villacoublay,78,['alternance']
expertise france,charge de projets « relevement economique » (h/f),https://www.indeed.fr/jobs?q=alternance%20data&l=paris%20(75)&fromage=14&start=210&vjk=8fa9b13afe538b2a,paris,75,['Mauvaise Anonce']
certinergy & solutions,assistant(e) moyens généraux en alternance f/h,https://www.indeed.fr/jobs?q=alternance%20data&l=paris%20(75)&fromage=14&start=210&vjk=86dcf4ca0483b445,paris,75,['alternance']
ilyeum,data-scientist sénior nlp/algorithme de clustering /python (h/f) / freelance,https://www.indeed.fr/jobs?q=alternance%20data&l=paris%20(75)&fromage=14&start=210&vjk=38fb8d498a2215d5,paris,75,['Mauvaise Anonce']
total,alternance-assistant administratif f/h,https://www.indeed.fr/jobs?q=alternance%20data&l=paris%20(75)&fromage=14&start=210&vjk=ba01df3d4f60d160,nanterre,92,['Mauvaise Anonce']
inmac wstore,alternance - assistant commercial f/h,https://www.indeed.fr/jobs?q=alternance%20data&l=paris%20(75)&fromage=14&start=210&vjk=bb21857762bf989f,ch,92,['alternance']
ingeniance,cdi - big data engineer- f/h,https://www.indeed.fr/jobs?q=alternance%20data&l=paris%20(75)&fromage=14&start=210&vjk=99f8927a70cd076e,la défense,92,['data']
carrefour,alternance - chargé de marketing et communication digitale (h/f),https://www.indeed.fr/jobs?q=alternance%20data&l=paris%20(75)&fromage=14&start=210&vjk=d5bef36b7bf29be3,massy,91,['alternance']
rd2 conseil,docteur r&d – data scientist – inv f/h,https://www.indeed.fr/jobs?q=alternance%20data&l=paris%20(75)&fromage=14&start=210&vjk=c9ffceaca0758d8e,levallois-perret,92,"['data', 'scientist']"
crédit du nord,"alternance – community manager : innovation, data et ia (h/f)-(h/f)",https://www.indeed.fr/jobs?q=alternance%20data&l=paris%20(75)&fromage=14&start=210&vjk=f27dd33f9b620dbd,paris,75,"['alternance', 'data']"
inria,chargé(e) des partenariats et des projets d’innovation (cppi),https://www.indeed.fr/jobs?q=alternance%20data&l=paris%20(75)&fromage=14&start=220&vjk=f4a9652b1fbefe25,palaiseau,91,['Mauvaise Anonce']
avem,chargé de projets techniques h/f,https://www.indeed.fr/jobs?q=alternance%20data&l=paris%20(75)&fromage=14&start=220&vjk=53f51526f1c488e6,lognes,77,['Mauvaise Anonce']
ks services agency,assistant(e) manager en alternance,https://www.indeed.fr/jobs?q=alternance%20data&l=paris%20(75)&fromage=14&start=220&vjk=d131758e0e7ee5cb,orsay,91,['alternance']
extia,stage - chargé(e) de projets mécénats de compétences - idf,https://www.indeed.fr/jobs?q=alternance%20data&l=paris%20(75)&fromage=14&start=220&vjk=e345bc96882ed0dd,sèvres,92,['stage']
symrise,chargé(e) de projet marketing et communication (h/f),https://www.indeed.fr/jobs?q=alternance%20data&l=paris%20(75)&fromage=14&start=220&vjk=16cba7cf2173be1e,clichy,92,['Mauvaise Anonce']
free,chargé de projets travaux boutique - h/f,https://www.indeed.fr/jobs?q=alternance%20data&l=paris%20(75)&fromage=14&start=220&vjk=b43adbe1e1a3d2cb,paris,75,['Mauvaise Anonce']
tf1,alternance - assistant chargé des relations commerciales - h/f,https://www.indeed.fr/jobs?q=alternance%20data&l=paris%20(75)&fromage=14&start=220&vjk=ca9f0d432285a1ce,boulogne-billancourt,92,['alternance']
mallyance,chargé de communication et marketing alternance,https://www.indeed.fr/jobs?q=alternance%20data&l=paris%20(75)&fromage=14&start=220&vjk=5ff871e0a0741d7b,bagnolet,93,['alternance']
elsan,un(e) assistant(e) qualite en alternance,https://www.indeed.fr/jobs?q=alternance%20data&l=paris%20(75)&fromage=14&start=220&vjk=be2e1a7c7f5ad3d5,stains,93,['alternance']
anses,chargé de projet en toxicologie (h/f),https://www.indeed.fr/jobs?q=alternance%20data&l=paris%20(75)&fromage=14&start=220&vjk=1c438dc46e3d20c5,maisons-alfort,94,['Mauvaise Anonce']
linkednutri,alternance - assistant administratif et financier f/h,https://www.indeed.fr/jobs?q=alternance%20data&l=paris%20(75)&fromage=14&start=220&vjk=6cf8a3155e1886f6,cachan,94,['alternance']
ilyeum,chargé de déploiement produits/ conduite du changement/ projets de transformation digitale (h/f) / freelance,https://www.indeed.fr/jobs?q=alternance%20data&l=paris%20(75)&fromage=14&start=220&vjk=3015ee9c8f4daa52,paris,75,['Mauvaise Anonce']
ingeniance,data scientist confirme- f/h,https://www.indeed.fr/jobs?q=alternance%20data&l=paris%20(75)&fromage=14&start=220&vjk=0d093abd9eac69c4,la défense,92,"['data', 'scientist']"
adéquat,chargé de projet h/f,https://www.indeed.fr/jobs?q=alternance%20data&l=paris%20(75)&fromage=14&start=220&vjk=2131412bd4119d16,saint-denis,93,['Mauvaise Anonce']
atlantis rh,chargé d’affaires grands projets ascenseurs f/h,https://www.indeed.fr/jobs?q=alternance%20data&l=paris%20(75)&fromage=14&start=220&vjk=221f9b77ef7f74b2,paris,75,['Mauvaise Anonce']
anses,chargé de projets européens - anses,https://www.indeed.fr/jobs?q=alternance%20data&l=paris%20(75)&fromage=14&start=230&vjk=18a25d5e4f7b94a4,maisons-alfort,94,['Mauvaise Anonce']
ach,chargé d’affaires / chef de projet f/h,https://www.indeed.fr/jobs?q=alternance%20data&l=paris%20(75)&fromage=14&start=230&vjk=d3ce8c39575c7ff1,nanterre,92,['Mauvaise Anonce']
elsan,un(e) assistant(e) qualite en alternance,https://www.indeed.fr/jobs?q=alternance%20data&l=paris%20(75)&fromage=14&start=230&vjk=69c270e994fa9eba,stains,93,['alternance']
ab6 recrutement,chargé de projet en valorisation des cee f/h,https://www.indeed.fr/jobs?q=alternance%20data&l=paris%20(75)&fromage=14&start=230&vjk=fb0296aba4888420,boulogne-billancourt,92,['Mauvaise Anonce']
free,alternance assistant(e) chef de projet communication - h/f,https://www.indeed.fr/jobs?q=alternance%20data&l=paris%20(75)&fromage=14&start=230&vjk=339f7ccca9110fd2,paris,75,['alternance']
ept est ensemble,2 chargés de collections et de projets - section jeunesse (h/f),https://www.indeed.fr/jobs?q=alternance%20data&l=paris%20(75)&fromage=14&start=230&vjk=a714dfeb94e097f2,saint-denis,93,['Mauvaise Anonce']
groupe bpce,alternance-assistant chef de campagne marketing relationnel- f/h- paris,https://www.indeed.fr/jobs?q=alternance%20data&l=paris%20(75)&fromage=14&start=230&vjk=497c9d72be21cf18,paris,75,['Mauvaise Anonce']
dassault systèmes,stage - chargé de projets marketing industry (h/f),https://www.indeed.fr/jobs?q=alternance%20data&l=paris%20(75)&fromage=14&start=230&vjk=4a092910a6e1d464,vélizy-villacoublay,78,['stage']
intitek for people,data scientist / freelance,https://www.indeed.fr/jobs?q=alternance%20data&l=paris%20(75)&fromage=14&start=230&vjk=4a1e0f7c784caaa0,paris,75,"['data', 'scientist']"
mutex,chargé d’études juridiques en alternance h/f,https://www.indeed.fr/jobs?q=alternance%20data&l=paris%20(75)&fromage=14&start=230&vjk=5cf82323606de8f7,ch,92,['alternance']
hygitech,chargé/e de projets affaires réglementaires f/h,https://www.indeed.fr/jobs?q=alternance%20data&l=paris%20(75)&fromage=14&start=230&vjk=3da85df5e22cb03e,paris,75,['Mauvaise Anonce']
crédit du nord,chargé(e) d'études rse h/f- alternance-(h/f),https://www.indeed.fr/jobs?q=alternance%20data&l=paris%20(75)&fromage=14&start=230&vjk=5e1acd00aea1df86,paris,75,['Mauvaise Anonce']
extia,alternance - chargé(e) de communication / marque employeur - idf h/f,https://www.indeed.fr/jobs?q=alternance%20data&l=paris%20(75)&fromage=14&start=230&vjk=fcf87518e27fcc1c,paris,75,['alternance']
crédit mutuel,charge de conduite de projets pilotage des risques (h/f),https://www.indeed.fr/jobs?q=alternance%20data&l=paris%20(75)&fromage=14&start=230&vjk=d1a1daf933edde2e,paris,75,['Mauvaise Anonce']
atlantis rh,chargé d'affaires grands projets ascenseurs (h/f),https://www.indeed.fr/jobs?q=alternance%20data&l=paris%20(75)&fromage=14&start=230&vjk=62810408e2e0acf1,paris,75,['Mauvaise Anonce']
esas,assistant juridique h/f en alternance,https://www.indeed.fr/jobs?q=alternance%20data&l=paris%20(75)&fromage=14&start=240&advn=9141807621661081&vjk=45fc87aff9d2a896,paris,75,['alternance']
abc arbitrage,senior data scientist - python (h/f),https://www.indeed.fr/jobs?q=alternance%20data&l=paris%20(75)&fromage=14&start=240&vjk=9bdab006932452c0,paris,75,"['data', 'scientist']"
ach,chargé d’affaires / chef de projet f/h,https://www.indeed.fr/jobs?q=alternance%20data&l=paris%20(75)&fromage=14&start=240&vjk=b13f14409a8eadc7,paris,75,['Mauvaise Anonce']
saint-gobain,assistant (e) chefs de marches (h/f) dmbp paris 19ème alternance,https://www.indeed.fr/jobs?q=alternance%20data&l=paris%20(75)&fromage=14&start=240&vjk=85171a4c739268e8,paris,75,['alternance']
grand paris aménagement,assistant juriste marches publics - alternance (h/f),https://www.indeed.fr/jobs?q=alternance%20data&l=paris%20(75)&fromage=14&start=240&vjk=cb20132938a6d4fd,paris,75,['alternance']
louis vuitton,alternance - assistant(e) achats et production pap femme (f/h),https://www.indeed.fr/jobs?q=alternance%20data&l=paris%20(75)&fromage=14&start=240&vjk=9e959002b69e26b3,paris,75,['alternance']
vl.,alternance – chargé(e) relations commerciales h/f – 1 an,https://www.indeed.fr/jobs?q=alternance%20data&l=paris%20(75)&fromage=14&start=240&vjk=d8099a1d8702ae93,paris,75,['alternance']
natixis stage,alternance - 1 an - chargé de formation - paris 13ème f/h,https://www.indeed.fr/jobs?q=alternance%20data&l=paris%20(75)&fromage=14&start=240&vjk=66355d5402ae5e2d,paris,75,['alternance']
air liquide,stage - siège social - chargé.e de projets immobilier - direction real estate / immobilier (h/f),https://www.indeed.fr/jobs?q=alternance%20data&l=paris%20(75)&fromage=14&start=240&vjk=50719ef91fa00932,paris,75,['stage']
bpce,alternance-assistant chef de campagne marketing relationnel- f/h- paris,https://www.indeed.fr/jobs?q=alternance%20data&l=paris%20(75)&fromage=14&start=240&vjk=a8f83d0cf05f8b0f,paris,75,['Mauvaise Anonce']
intitek for people,data engineer / freelance,https://www.indeed.fr/jobs?q=alternance%20data&l=paris%20(75)&fromage=14&start=240&vjk=fa658309a145c141,paris,75,['data']
dassault systemes,stage - data scientist (h/f),https://www.indeed.fr/jobs?q=alternance%20data&l=paris%20(75)&fromage=14&start=240&vjk=694b5308d68954e2,vélizy-villacoublay,78,"['stage', 'data', 'scientist']"
ratpdev,stage assistant.e data engineer,https://www.indeed.fr/jobs?q=alternance%20data&l=paris%20(75)&fromage=14&start=240&vjk=5a367b9d78bc07a3,paris,75,"['stage', 'data']"
innov and co diversité,"data engineer spark , powercenter informatica / freelance",https://www.indeed.fr/jobs?q=alternance%20data&l=paris%20(75)&fromage=14&start=240&vjk=278e5735cb8c891d,maisons-alfort,94,['data']
back market,alternance - human resources assistant,https://www.indeed.fr/jobs?q=alternance%20data&l=paris%20(75)&fromage=14&start=240&vjk=dd4baec3160e2dcd,paris,75,['alternance']
extia,stage - chargé(e) de projets mécénats de compétences - idf,https://www.indeed.fr/jobs?q=alternance%20data&l=paris%20(75)&fromage=14&start=250&vjk=64ee5c7c0920d51d,paris,75,['stage']
elsan,un(e) assistant(e) qualite en alternance,https://www.indeed.fr/jobs?q=alternance%20data&l=paris%20(75)&fromage=14&start=250&vjk=be2e1a7c7f5ad3d5,stains,93,['alternance']
natixis stage,alternance - 1 an - chargé d'etudes rh - paris f/h,https://www.indeed.fr/jobs?q=alternance%20data&l=paris%20(75)&fromage=14&start=250&vjk=de740483440eae16,paris,75,['alternance']
saur,chargé(e) de sourcing - alternance h/f,https://www.indeed.fr/jobs?q=alternance%20data&l=paris%20(75)&fromage=14&start=250&vjk=7279861659bf6866,issy-les-moulineaux,92,['alternance']
solina,assistant(e) marketing h/f en alternance,https://www.indeed.fr/jobs?q=alternance%20data&l=paris%20(75)&fromage=14&start=250&vjk=8184fa01047b4e8f,goussainville,95,['alternance']
korian,chargé de projets hôtellerie et restauration en alternance h/f,https://www.indeed.fr/jobs?q=alternance%20data&l=paris%20(75)&fromage=14&start=250&vjk=b28e038619fc7327,paris,75,['alternance']
le sanctuaire holding,assistant de direction h/f en alternance,https://www.indeed.fr/jobs?q=alternance%20data&l=paris%20(75)&fromage=14&start=250&vjk=03e63b06345647f7,courbevoie,92,['alternance']
ubisoft,alternance/stage janvier 2021 - emea employee experience assistant (h/f),https://www.indeed.fr/jobs?q=alternance%20data&l=paris%20(75)&fromage=14&start=250&vjk=6a1ea058ee38b955,paris,75,['Mauvaise Anonce']
saint-gobain,assistant formation (h/f) – alternance – bois-panneaux - paris 19ème (h/f),https://www.indeed.fr/jobs?q=alternance%20data&l=paris%20(75)&fromage=14&start=250&vjk=10a5f41c1c3e7164,paris,75,['alternance']
suez,alternant chargé de projet rh (h/f),https://www.indeed.fr/jobs?q=alternance%20data&l=paris%20(75)&fromage=14&start=250&vjk=8b7ed092a84c4a89,la défense,92,['Mauvaise Anonce']
crédit du nord,alternance – chargé d'etudes prêts réglementés (h/f)-(h/f),https://www.indeed.fr/jobs?q=alternance%20data&l=paris%20(75)&fromage=14&start=250&vjk=61a76247b9bddff9,paris,75,['alternance']
transdev,alternance - chargé(e) de process rh h/f,https://www.indeed.fr/jobs?q=alternance%20data&l=paris%20(75)&fromage=14&start=250&vjk=a3c9df6227f80c1f,issy-les-moulineaux,92,['alternance']
groupe poste habitat - toit et joie,"chargé(e) de développement social, urbain et incivilités - en alternance",https://www.indeed.fr/jobs?q=alternance%20data&l=paris%20(75)&fromage=14&start=250&vjk=cfbd6560cf4b3156,paris,75,['alternance']
france médias monde,assistant relations institutionnelles h/f – en alternance,https://www.indeed.fr/jobs?q=alternance%20data&l=paris%20(75)&fromage=14&start=250&vjk=608c18fab44d9c8f,issy-les-moulineaux,92,['alternance']
discovery,alternance assistant(e) développement rh,https://www.indeed.fr/jobs?q=alternance%20data&l=paris%20(75)&fromage=14&start=260&vjk=4483d3590fb3332c,issy-les-moulineaux,92,['alternance']
cpam de la seine-saint-denis,expert en analyses de donnees / data scientist,https://www.indeed.fr/jobs?q=alternance%20data&l=paris%20(75)&fromage=14&start=260&vjk=276753f05fbf96e0,bobigny,93,"['data', 'scientist']"
showroomprive.com,chargé de projet rh (alternance) - h/f,https://www.indeed.fr/jobs?q=alternance%20data&l=paris%20(75)&fromage=14&start=260&vjk=e722cb9232b2ac27,saint-denis,93,['Mauvaise Anonce']
agora immobilier,alternance b+3 ou b+4 : assistant resp. du développement foncier (h/f),https://www.indeed.fr/jobs?q=alternance%20data&l=paris%20(75)&fromage=14&start=260&vjk=a53897beebc454da,paris,75,['alternance']
abc arbitrage,02. senior data scientist - python (h/f),https://www.indeed.fr/jobs?q=alternance%20data&l=paris%20(75)&fromage=14&start=260&vjk=9966350a63797f4a,paris,75,"['data', 'scientist']"
ubisoft,stage janvier 2021 - emea brand content analyst assistant (h/f ),https://www.indeed.fr/jobs?q=alternance%20data&l=paris%20(75)&fromage=14&start=260&vjk=89c1ef7a671e4ba1,paris,75,"['stage', 'analyst']"
groupe proservia,assistant qse en alternance (h/f),https://www.indeed.fr/jobs?q=alternance%20data&l=paris%20(75)&fromage=14&start=260&vjk=c5cc5596e88fb143,nanterre,92,['alternance']
saur,chargé(e) ressources humaines analytiques - alternance h/f,https://www.indeed.fr/jobs?q=alternance%20data&l=paris%20(75)&fromage=14&start=260&vjk=8b1be93441f9d068,issy-les-moulineaux,92,['alternance']
talentis horizon,assistant(e) commercial(e) en alternance h/f,https://www.indeed.fr/jobs?q=alternance%20data&l=paris%20(75)&fromage=14&start=260&vjk=0223e5d3c85c6c04,paris,75,['alternance']
colas ile-de-france normandie,assistant(e) exploitation en alternance h/f,https://www.indeed.fr/jobs?q=alternance%20data&l=paris%20(75)&fromage=14&start=260&vjk=782a192fb579c0d8,gennevilliers,92,['alternance']
saur,chargé(e) ressources humaines analytiques - alternance f/h,https://www.indeed.fr/jobs?q=alternance%20data&l=paris%20(75)&fromage=14&start=260&vjk=14b7e072757ca290,issy-les-moulineaux,92,['alternance']
generationnel,chargé relation client - energie (f-h) – paris – alternance,https://www.indeed.fr/jobs?q=alternance%20data&l=paris%20(75)&fromage=14&start=260&vjk=fd13907b10d43ce8,paris,75,['alternance']
la relève,alternance - assistant product owner,https://www.indeed.fr/jobs?q=alternance%20data&l=paris%20(75)&fromage=14&start=260&vjk=012dba954d104af1,paris,75,['alternance']
nexity property management,apprenti(e) assistant(e) rh - alternance,https://www.indeed.fr/jobs?q=alternance%20data&l=paris%20(75)&fromage=14&start=260&vjk=547058ef587d3105,clichy,92,['alternance']
saur,alternant(e) -chargé(e) de ressources humaines h/f,https://www.indeed.fr/jobs?q=alternance%20data&l=paris%20(75)&fromage=14&start=260&vjk=ef6924f19ad64a0c,issy-les-moulineaux,92,['Mauvaise Anonce']
cpam de la seine-saint-denis,expert en analyses de donnees / data scientist,https://www.indeed.fr/jobs?q=alternance%20data&l=paris%20(75)&fromage=14&start=270&vjk=1aa6e14c54e10b56,bobigny,93,"['data', 'scientist']"
colas,assistant(e) exploitation en alternance h/f,https://www.indeed.fr/jobs?q=alternance%20data&l=paris%20(75)&fromage=14&start=270&vjk=87bdd2d50b2fe289,gennevilliers,92,['alternance']
abc arbitrage,senior data scientist - python (h/f),https://www.indeed.fr/jobs?q=alternance%20data&l=paris%20(75)&fromage=14&start=270&vjk=9bdab006932452c0,paris,75,"['data', 'scientist']"
paris habitat,chargé de recrutement - alternance (h/f),https://www.indeed.fr/jobs?q=alternance%20data&l=paris%20(75)&fromage=14&start=270&vjk=143423b5390b8558,paris,75,['alternance']
natixis,alternance - (1 an) - assistant(e) communication & marketing (h/f) - 75013 paris,https://www.indeed.fr/jobs?q=alternance%20data&l=paris%20(75)&fromage=14&start=270&vjk=d8f49a2b2fdaea1f,paris,75,['alternance']
showroomprive.com,chargé de paie et administration du personnel (alternance) - h/f,https://www.indeed.fr/jobs?q=alternance%20data&l=paris%20(75)&fromage=14&start=270&vjk=c735fc225229a194,saint-denis,93,['Mauvaise Anonce']
groupama assurances mutuelles,chargé.e de projets marketing en stage h/f,https://www.indeed.fr/jobs?q=alternance%20data&l=paris%20(75)&fromage=14&start=270&vjk=9934163495e3a075,nanterre,92,['stage']
netrock,assistant(e) de gestion (h/f) (en alternance),https://www.indeed.fr/jobs?q=alternance%20data&l=paris%20(75)&fromage=14&start=270&vjk=07fc78e1058925a8,asnières-sur-seine,92,['Mauvaise Anonce']
isofis,assistant de gestion en alternance h/f,https://www.indeed.fr/jobs?q=alternance%20data&l=paris%20(75)&fromage=14&start=270&vjk=6a88b6f5188c6e1f,nanterre,92,['alternance']
autobiz,alternance - chargé de clientèle à distance f/h - sge,https://www.indeed.fr/jobs?q=alternance%20data&l=paris%20(75)&fromage=14&start=270&vjk=0a1562b062c699cd,courbevoie,92,['alternance']
mallyance,chargée de recrutement (alternance) h/f,https://www.indeed.fr/jobs?q=alternance%20data&l=paris%20(75)&fromage=14&start=270&vjk=1f3e932f4d145b4a,bagnolet,93,['Mauvaise Anonce']
printemps,alternance assistant responsable développement services client h/f,https://www.indeed.fr/jobs?q=alternance%20data&l=paris%20(75)&fromage=14&start=270&vjk=6520bb8d938b5d9d,paris,75,['alternance']
eksaé,alternance assistant marketing & communication h/f,https://www.indeed.fr/jobs?q=alternance%20data&l=paris%20(75)&fromage=14&start=270&vjk=2255642fb5dd695a,rueil-malmaison,92,['alternance']
tigersun media group,chargé(e) de webmarketing (growth hacking) et communication youtube - alternance,https://www.indeed.fr/jobs?q=alternance%20data&l=paris%20(75)&fromage=14&start=270&vjk=a3600976ad99d55b,orsay,91,['alternance']
gefco,assistant administratif rh – alternance (h/f),https://www.indeed.fr/jobs?q=alternance%20data&l=paris%20(75)&fromage=14&start=270&vjk=540dd443e299eb54,puteaux,92,['alternance']
teolia,charge(e) de recrutement it alternance f/h,https://www.indeed.fr/jobs?q=alternance%20data&l=paris%20(75)&fromage=14&start=280&vjk=2674f9e849b3c279,neuilly-sur-seine,92,['alternance']
leyton,alternant(e) chargé(e) de recrutement & relations écoles,https://www.indeed.fr/jobs?q=alternance%20data&l=paris%20(75)&fromage=14&start=280&vjk=559b29fe294c1765,issy-les-moulineaux,92,['Mauvaise Anonce']
dentego,chargé(e) de recrutement en alternance h/f,https://www.indeed.fr/jobs?q=alternance%20data&l=paris%20(75)&fromage=14&start=280&vjk=711bc50abe3bfa51,boulogne-billancourt,92,['alternance']
linkednutri,alternance - assistant administratif et financier,https://www.indeed.fr/jobs?q=alternance%20data&l=paris%20(75)&fromage=14&start=280&vjk=3915776f118be55c,cachan,94,['alternance']
esage,assistant(e) de manager – bts sam en alternance - rentrée octobre 2020,https://www.indeed.fr/jobs?q=alternance%20data&l=paris%20(75)&fromage=14&start=280&vjk=b03d6b52f651395b,paris,75,['alternance']
elyas conseil,assistante de direction et ressources humaines h/f - alternance,https://www.indeed.fr/jobs?q=alternance%20data&l=paris%20(75)&fromage=14&start=280&vjk=7709d09c8d9a08d3,paris,75,['alternance']
kpark,assistant(e) paie en alternance (h/f),https://www.indeed.fr/jobs?q=alternance%20data&l=paris%20(75)&fromage=14&start=280&vjk=afde870e3a24d081,boulogne-billancourt,92,['alternance']
ach,chargé d’affaires / chef de projet f/h,https://www.indeed.fr/jobs?q=alternance%20data&l=paris%20(75)&fromage=14&start=280&vjk=b13f14409a8eadc7,paris,75,['Mauvaise Anonce']
ladybirds films,offre alternance assistant(e) gestion & administratif,https://www.indeed.fr/jobs?q=alternance%20data&l=paris%20(75)&fromage=14&start=280&vjk=3c0fbf7b2bc77669,paris,75,['alternance']
mgen,chargé de formation h/f - alternance,https://www.indeed.fr/jobs?q=alternance%20data&l=paris%20(75)&fromage=14&start=280&vjk=a604a79b91007890,paris,75,['alternance']
aepbn association emmaüs port marly bougival nanterre,assistant de gestion h/f en alternance - apprentissage,https://www.indeed.fr/jobs?q=alternance%20data&l=paris%20(75)&fromage=14&start=280&vjk=b661a70de4b6a543,bougival,78,"['alternance', 'apprentissage']"
aperlead,chargée de recrutement (alternance) h/f,https://www.indeed.fr/jobs?q=alternance%20data&l=paris%20(75)&fromage=14&start=280&vjk=54a1fc8f7678cb49,paris,75,['Mauvaise Anonce']
axentia,chargé·e de projets numériques - patrimoine h/f,https://www.indeed.fr/jobs?q=alternance%20data&l=paris%20(75)&fromage=14&start=280&vjk=26b73662396c6ac4,paris,75,['Mauvaise Anonce']
europ assistance france,compliance analyst en alternance,https://www.indeed.fr/jobs?q=alternance%20data&l=paris%20(75)&fromage=14&start=280&vjk=13d48f869de277fb,gennevilliers,92,"['analyst', 'alternance']"
elsan,un(e) assistant(e) qualite en alternance,https://www.indeed.fr/jobs?q=alternance%20data&l=paris%20(75)&fromage=14&start=290&vjk=69c270e994fa9eba,stains,93,['alternance']
allianz france,alternance assistant(e) comptable,https://www.indeed.fr/jobs?q=alternance%20data&l=paris%20(75)&fromage=14&start=290&vjk=42473f2138b23a67,paris,75,['alternance']
ks services,assistant(e) manager en alternance,https://www.indeed.fr/jobs?q=alternance%20data&l=paris%20(75)&fromage=14&start=290&vjk=44ff0204d3aefb27,orsay,91,['alternance']
extia,stage - chargé(e) de projets mécénats de compétences - idf,https://www.indeed.fr/jobs?q=alternance%20data&l=paris%20(75)&fromage=14&start=290&vjk=e345bc96882ed0dd,sèvres,92,['stage']
college de paris,assistant(e) controleur de gestion en alternance (h/f),https://www.indeed.fr/jobs?q=alternance%20data&l=paris%20(75)&fromage=14&start=290&vjk=9698b515c77f13df&advn=7736870941523477,lognes,77,['alternance']
bpce,alternance- 1 an- chargé d'études rh diversité h/f - paris,https://www.indeed.fr/jobs?q=alternance%20data&l=paris%20(75)&fromage=14&start=290&vjk=20e1c35acff30ada,paris,75,['Mauvaise Anonce']
crédit du nord,alternance assistant(e) de manager h/f-(h/f),https://www.indeed.fr/jobs?q=alternance%20data&l=paris%20(75)&fromage=14&start=290&vjk=ead6fd441d11001a,paris,75,['alternance']
college de paris,assistant juridique en alternance (h/f),https://www.indeed.fr/jobs?q=alternance%20data&l=paris%20(75)&fromage=14&start=290&vjk=2181f5d0a79e7e98&advn=7736870941523477,neuilly-sur-seine,92,['alternance']
eiffage énergie systèmes,assistant(e) aux ressources humaines en alternance.,https://www.indeed.fr/jobs?q=alternance%20data&l=paris%20(75)&fromage=14&start=290&vjk=f5c1b5ae8ab7c381,saint-denis,93,['Mauvaise Anonce']
schneider electric,alternance analyste trésorerie back office & cash management- (paris) - h/f,https://www.indeed.fr/jobs?q=alternance%20data&l=paris%20(75)&fromage=14&start=290&vjk=1726de56252a5998,rueil-malmaison,92,['alternance']
crédit foncier,alternance chargé.e d'etudes risques financiers,https://www.indeed.fr/jobs?q=alternance%20data&l=paris%20(75)&fromage=14&start=290&vjk=a799f75721ab3f7c,paris,75,['alternance']
groupe ares,chargé.e de formation – projet mobil’emploi – siège,https://www.indeed.fr/jobs?q=alternance%20data&l=paris%20(75)&fromage=14&start=290&vjk=b976a8caa30dda2a,pantin,93,['Mauvaise Anonce']
bureau veritas,chargé de projet metiers hse f/h,https://www.indeed.fr/jobs?q=alternance%20data&l=paris%20(75)&fromage=14&start=290&vjk=cc116ef98995c0bf,la défense,92,['Mauvaise Anonce']
afpa,chef de projet/chargé.e de mission - certification - vae - h/f,https://www.indeed.fr/jobs?q=alternance%20data&l=paris%20(75)&fromage=14&start=290&vjk=2aad0d7c63d64403,montreuil,93,['Mauvaise Anonce']
extia,stage - chargé(e) de projets mécénats de compétences - idf,https://www.indeed.fr/jobs?q=alternance%20data&l=paris%20(75)&fromage=14&start=300&vjk=64ee5c7c0920d51d,paris,75,['stage']
safran,apprenti(e) hr data analyst/chargé de rémunération et contrôle de gestion sociale h/f h/f,https://www.indeed.fr/jobs?q=alternance%20data&l=paris%20(75)&fromage=14&start=300&vjk=62eb5deebc1d9a86,vélizy-villacoublay,78,['data']
ach,chargé d’affaires / chef de projet f/h,https://www.indeed.fr/jobs?q=alternance%20data&l=paris%20(75)&fromage=14&start=300&vjk=d3ce8c39575c7ff1,nanterre,92,['Mauvaise Anonce']
dassault systèmes,stage - chargé(e) de projet rh en innovation pédagogique (h/f),https://www.indeed.fr/jobs?q=alternance%20data&l=paris%20(75)&fromage=14&start=300&vjk=b32a639c8d5cbc5f,vélizy-villacoublay,78,['stage']
haier,chargé de recrutement et formation (h/f) – stage ou alternance,https://www.indeed.fr/jobs?q=alternance%20data&l=paris%20(75)&fromage=14&start=300&vjk=9807567c4b9dc6de,saint-denis,93,"['stage', 'alternance']"
pegas group,assistant de gestion en alternance h/f,https://www.indeed.fr/jobs?q=alternance%20data&l=paris%20(75)&fromage=14&start=300&vjk=72f8ebec0ae917ee,buc,78,['alternance']
stepstone,chargé etudes projets marchés financiers f/h,https://www.indeed.fr/jobs?q=alternance%20data&l=paris%20(75)&fromage=14&start=300&vjk=b16a533029cbd3a8,paris,75,['Mauvaise Anonce']
lactalis,stagiaire (h/f) chargé de projet supply chain - supply & demand planning (6 mois),https://www.indeed.fr/jobs?q=alternance%20data&l=paris%20(75)&fromage=14&start=300&vjk=c1bfd7682fad9321,paris,75,['Mauvaise Anonce']
efs,chargé(e) de projet juridique rh f/h,https://www.indeed.fr/jobs?q=alternance%20data&l=paris%20(75)&fromage=14&start=300&vjk=c9c5ae42b29bd0a7,saint-denis,93,['Mauvaise Anonce']
sibelianthe,alternant(e) chargé(e) de projet market study & marketing f/h,https://www.indeed.fr/jobs?q=alternance%20data&l=paris%20(75)&fromage=14&start=300&vjk=424a24e1d89ab236,suresnes,92,['Mauvaise Anonce']
louis vuitton,alternance – assistant(e) campus management & ressources humaines siège (f/h),https://www.indeed.fr/jobs?q=alternance%20data&l=paris%20(75)&fromage=14&start=300&vjk=ce60776ead84b0b1,paris,75,['alternance']
devoteam,alternance - assistant(e) comptable trésorerie (h/f),https://www.indeed.fr/jobs?q=alternance%20data&l=paris%20(75)&fromage=14&start=300&vjk=438c8c89f805b127,levallois-perret,92,['alternance']
sejer,alternance assistant comptable (h/f),https://www.indeed.fr/jobs?q=alternance%20data&l=paris%20(75)&fromage=14&start=300&vjk=4752a7c454bfdf9e,paris,75,['alternance']
joovence,développeur fullstack - alternance,https://www.indeed.fr/jobs?q=alternance%20data&l=paris%20(75)&fromage=14&start=300&vjk=2c5ecacdaa51f70c,paris,75,"['développeur', 'alternance']"
groupe bpce,alternance- 1 an- chargé d’études rh diversité h/f - paris,https://www.indeed.fr/jobs?q=alternance%20data&l=paris%20(75)&fromage=14&start=300&vjk=531502363cf15b4a,paris,75,['Mauvaise Anonce']
abc arbitrage,senior data scientist - python (h/f),https://www.indeed.fr/jobs?q=alternance%20data&l=paris%20(75)&fromage=14&start=310&vjk=9bdab006932452c0,paris,75,"['data', 'scientist']"
showroomprive.com,chargé si oracle (alternance) - h/f,https://www.indeed.fr/jobs?q=alternance%20data&l=paris%20(75)&fromage=14&start=310&vjk=d095abb5780175f6,saint-denis,93,['Mauvaise Anonce']
klee group,alternant - chargé de comptabilité générale et auxiliaire h/f,https://www.indeed.fr/jobs?q=alternance%20data&l=paris%20(75)&fromage=14&start=310&vjk=a31bb2630f65060e,le plessis-robinson,92,['Mauvaise Anonce']
the kase,assistant rh généraliste h/f en alternance,https://www.indeed.fr/jobs?q=alternance%20data&l=paris%20(75)&fromage=14&start=310&vjk=ae6c9487600cfc99,levallois-perret,92,['alternance']
ach,chargé d’affaires / chef de projet f/h,https://www.indeed.fr/jobs?q=alternance%20data&l=paris%20(75)&fromage=14&start=310&vjk=b13f14409a8eadc7,paris,75,['Mauvaise Anonce']
effigest,assistant comptable alternance - h/f,https://www.indeed.fr/jobs?q=alternance%20data&l=paris%20(75)&fromage=14&start=310&vjk=4633e8fa247fe523,saint-germain-en-laye,78,['alternance']
activus group,alternance - chargé de recrutement (h/f),https://www.indeed.fr/jobs?q=alternance%20data&l=paris%20(75)&fromage=14&start=310&vjk=d4dd32dd9c2d8da1,paris,75,['alternance']
stedy,chargé de projets bim f/h,https://www.indeed.fr/jobs?q=alternance%20data&l=paris%20(75)&fromage=14&start=310&vjk=16c0c2ed93ddc37f,gentilly,94,['Mauvaise Anonce']
isd,assistant(e) administrative et logistique en alternance ( h/f),https://www.indeed.fr/jobs?q=alternance%20data&l=paris%20(75)&fromage=14&start=310&vjk=95ed468095ee147d,issy-les-moulineaux,92,['alternance']
cnp assurances,cdd - charge de projet finance (6 mois) f/h,https://www.indeed.fr/jobs?q=alternance%20data&l=paris%20(75)&fromage=14&start=310&vjk=56f32057d819f3d2,paris,75,['Mauvaise Anonce']
codage paris,assistant(e) social & content marketing (h/f) stage 6 mois ou alternance 12 mois,https://www.indeed.fr/jobs?q=alternance%20data&l=paris%20(75)&fromage=14&start=310&vjk=448fa1aefbe4d7c8,paris,75,"['stage', 'alternance']"
studyrama,assistant(e) comptable en alternance h/f,https://www.indeed.fr/jobs?q=alternance%20data&l=paris%20(75)&fromage=14&start=310&vjk=a79637ef0f85fe68,levallois-perret,92,['alternance']
lesenr,chargé(e) de projet construction durable f/h,https://www.indeed.fr/jobs?q=alternance%20data&l=paris%20(75)&fromage=14&start=310&vjk=a55f89a186079bbb,malakoff,92,['Mauvaise Anonce']
foxplan,alternant/stage - développeur(se) front-end,https://www.indeed.fr/jobs?q=alternance%20data&l=paris%20(75)&fromage=14&start=310&vjk=871b58904953e63c,nanterre,92,['Mauvaise Anonce']
synergie,chargé de projet d'affaires en industrie f/h,https://www.indeed.fr/jobs?q=alternance%20data&l=paris%20(75)&fromage=14&start=310&vjk=82b86a87ab974713&advn=8255147672943542,vélizy-villacoublay,78,['Mauvaise Anonce']
extia,stage - chargé(e) de projets mécénats de compétences - idf,https://www.indeed.fr/jobs?q=alternance%20data&l=paris%20(75)&fromage=14&start=320&vjk=e345bc96882ed0dd,sèvres,92,['stage']
ach,chargé d’affaires / chef de projet f/h,https://www.indeed.fr/jobs?q=alternance%20data&l=paris%20(75)&fromage=14&start=320&vjk=d3ce8c39575c7ff1,nanterre,92,['Mauvaise Anonce']
cibiltech,alternance développeur·se front end,https://www.indeed.fr/jobs?q=alternance%20data&l=paris%20(75)&fromage=14&start=320&vjk=26e6bf7f1c9b25cd,paris,75,['alternance']
dassault systèmes,stage - assistant support au pilotage des ventes et analyse de données (h/f),https://www.indeed.fr/jobs?q=alternance%20data&l=paris%20(75)&fromage=14&start=320&vjk=5e4b0bcf05e8f635,meudon,92,['stage']
dassault systemes,stage - data analyste (h/f),https://www.indeed.fr/jobs?q=alternance%20data&l=paris%20(75)&fromage=14&start=320&vjk=dccc7a1b9d3789f7,vélizy-villacoublay,78,"['stage', 'data']"
new-flag france,alternance assistant/e e-commerce et relation client,https://www.indeed.fr/jobs?q=alternance%20data&l=paris%20(75)&fromage=14&start=320&vjk=d02615d0a8c19a72,paris,75,['alternance']
linkaband,alternance / apprentissage développeur web angular 9 / symfony 3,https://www.indeed.fr/jobs?q=alternance%20data&l=paris%20(75)&fromage=14&start=320&vjk=81c5c4c59e660319,paris,75,"['alternance', 'apprentissage', 'développeur']"
ubisoft,game designer assistant - stage/alternance (h/f),https://www.indeed.fr/jobs?q=alternance%20data&l=paris%20(75)&fromage=14&start=320&vjk=473e2dc40016c838,montreuil,93,['stage/alternance']
dassault systèmes,stage - chargé de projets marketing (h/f),https://www.indeed.fr/jobs?q=alternance%20data&l=paris%20(75)&fromage=14&start=320&vjk=5bfd6d1791f836e2,vélizy-villacoublay,78,['stage']
crédit du nord,chargé(e) d'etudes – conseiller(e) banque à distance h/f – alternance – paris 75-(h/f),https://www.indeed.fr/jobs?q=alternance%20data&l=paris%20(75)&fromage=14&start=320&vjk=dd0a5aa2edc6a624,paris,75,['alternance']
adista,chargé(e) de projets it système - 91 f/h,https://www.indeed.fr/jobs?q=alternance%20data&l=paris%20(75)&fromage=14&start=320&vjk=4b303aeb5b4c8d02,massy,91,['Mauvaise Anonce']
"popotes, clique bistronomique",alternance - développeur full-stack (h/f),https://www.indeed.fr/jobs?q=alternance%20data&l=paris%20(75)&fromage=14&start=320&vjk=cce5022be683bae9,paris,75,"['alternance', 'développeur']"
groupement de l'interim francais,chargé étude - chef de projet see electrical (h/f),https://www.indeed.fr/jobs?q=alternance%20data&l=paris%20(75)&fromage=14&start=320&vjk=a8f4e7f58dfe6305,villejuif,94,['Mauvaise Anonce']
organotechnie,assistant adv et logistique en alternance (début sept 2020),https://www.indeed.fr/jobs?q=alternance%20data&l=paris%20(75)&fromage=14&start=320&vjk=2eff8d8f6ba34dce,la courneuve,93,['alternance']
kozi technology,"développeur web / mobile ionic angular, h/f, 12 mois en alternance",https://www.indeed.fr/jobs?q=alternance%20data&l=paris%20(75)&fromage=14&start=330&vjk=c1477bd3e7db2d52,herblay,95,"['développeur', 'alternance']"
expectra.fr,analyste developpeur bi (f/h),https://www.indeed.fr/jobs?q=alternance%20data&l=paris%20(75)&fromage=14&start=330&vjk=6aa308e9f5ba9e39,paris,75,['Mauvaise Anonce']
shift technology,intern data scientist - spanish speaking (end-of-studies),https://www.indeed.fr/jobs?q=alternance%20data&l=paris%20(75)&fromage=14&start=330&vjk=4da7f699f56f028e,paris,75,"['data', 'scientist']"
club freelance,apache beam big data engineer (h/f) -75 / freelance,https://www.indeed.fr/jobs?q=alternance%20data&l=paris%20(75)&fromage=14&start=330&vjk=7e5cad25d8a2c0e4,paris,75,['data']
dta ingenierie,data analyst confirmé f/h,https://www.indeed.fr/jobs?q=alternance%20data&l=paris%20(75)&fromage=14&start=330&vjk=79e21fa662600150,paris,75,"['data', 'analyst']"
dekra,chargé(e) de communication digitale en alternance h/f,https://www.indeed.fr/jobs?q=alternance%20data&l=paris%20(75)&fromage=14&start=330&vjk=a86733ebd6214d95,le plessis-robinson,92,['alternance']
suez,chargée. chargé de projet informatique industrielle et technique - supervision et automatisme,https://www.indeed.fr/jobs?q=alternance%20data&l=paris%20(75)&fromage=14&start=330&vjk=f69c1305a8056e67,croissy-sur-seine,78,['Mauvaise Anonce']
ms group paris,charge de projets assurance anglais espagnol h/f,https://www.indeed.fr/jobs?q=alternance%20data&l=paris%20(75)&fromage=14&start=330&vjk=3ef5a72421b86333,levallois-perret,92,['Mauvaise Anonce']
highteam,"data engineer sql (ps en sybase iq, ctrl-m, xml) / freelance",https://www.indeed.fr/jobs?q=alternance%20data&l=paris%20(75)&fromage=14&start=330&vjk=9564458ae7c1b59e,paris,75,['data']
highteam,développeur bbd - sql - t-sql - dataware - data engineer / freelance,https://www.indeed.fr/jobs?q=alternance%20data&l=paris%20(75)&fromage=14&start=330&vjk=259aff24024aff5d,paris,75,"['développeur', 'data']"
ysance,data scientist senior f/h,https://www.indeed.fr/jobs?q=alternance%20data&l=paris%20(75)&fromage=14&start=330&vjk=d0a6a6fff8708eba,paris,75,"['data', 'scientist']"
dassault systemes,stage - analyste marché soins patients & bi (h/f),https://www.indeed.fr/jobs?q=alternance%20data&l=paris%20(75)&fromage=14&start=330&vjk=2b3803572fe217e5,vélizy-villacoublay,78,['stage']
templeton and partners limited,développeur power bi / freelance,https://www.indeed.fr/jobs?q=alternance%20data&l=paris%20(75)&fromage=14&start=330&vjk=208f7b9cfb79372e,paris,75,['développeur']
cabinet ab6 recrutement,chargé de projet en valorisation énergétique,https://www.indeed.fr/jobs?q=alternance%20data&l=paris%20(75)&fromage=14&start=330&vjk=79bc7b9d6662d8f7,issy-les-moulineaux,92,['Mauvaise Anonce']
synergie,chargé de projet d'affaires en industrie f/h,https://www.indeed.fr/jobs?q=alternance%20data&l=paris%20(75)&fromage=14&start=330&vjk=82b86a87ab974713&advn=8255147672943542,vélizy-villacoublay,78,['Mauvaise Anonce']
abc arbitrage,senior data scientist - python (h/f),https://www.indeed.fr/jobs?q=alternance%20data&l=paris%20(75)&fromage=14&start=340&vjk=9bdab006932452c0,paris,75,"['data', 'scientist']"
ach,chargé d’affaires / chef de projet f/h,https://www.indeed.fr/jobs?q=alternance%20data&l=paris%20(75)&fromage=14&start=340&vjk=b13f14409a8eadc7,paris,75,['Mauvaise Anonce']
octopus computer associates,"iot & big data technical specialist engineer paris, france french and english speaking / freelance",https://www.indeed.fr/jobs?q=alternance%20data&l=paris%20(75)&fromage=14&start=340&vjk=88b60fb9c40ba3d0,paris,75,['data']
"julien cornic, infographiste freelance",big data engineer / freelance,https://www.indeed.fr/jobs?q=alternance%20data&l=paris%20(75)&fromage=14&start=340&vjk=2e733b9d5cfa8c65,paris,75,['data']
highline paris,architecte chargé de projet pour un grand ensemble de logements,https://www.indeed.fr/jobs?q=alternance%20data&l=paris%20(75)&fromage=14&start=340&vjk=8af9ade62ddea775,paris,75,['Mauvaise Anonce']
synergie,chargé de projet d'affaires en industrie f/h,https://www.indeed.fr/jobs?q=alternance%20data&l=paris%20(75)&fromage=14&start=340&vjk=19a7afd46d2e3731,vélizy-villacoublay,78,['Mauvaise Anonce']